Prestwick-559	DO 897/99
Prestwick-642	Epicatechin-(-) 
Prestwick-682	beta- Belladonnine dichloroethylate 
Prestwick-692	Tadjakonine 
Prestwick-664	Delcorine
Prestwick-674	Graveoline 
Prestwick-665	Evoxine 
Prestwick-675	Hippeastrine hydrobromide 
Prestwick-685	Nitrarine dihydrochloride 
Prestwick-689	Ungerine nitrate
Prestwick-691	Fillalbin 
Prestwick-642	Epicatechin-(-) 
Prestwick-682	beta- Belladonnine dichloroethylate 
Prestwick-692	Tadjakonine 
Prestwick-559	DO 897/99
Prestwick-984	Reserpinic acid hydrochloride
Prestwick-967	6-Hydroxytropinone 
Prestwick-1083	Condelphine 
Prestwick-1103	Quinic acid 
Prestwick-864	Methylhydantoin-5-(D) 
Prestwick-857	(+) -Levobunolol hydrochloride 
Prestwick-860	Methylhydantoin-5-(L) 
Prestwick-920	L(-)-vesamicol hydrochloride 
Prestwick-981	Nitrocaramiphen hydrochloride
Prestwick-972	THIP Hydrochloride
Prestwick-983	Dimaprit dihydrochloride 
Prestwick-864	Methylhydantoin-5-(D) 
Prestwick-857	(+) -Levobunolol hydrochloride 
Prestwick-860	Methylhydantoin-5-(L) 
Prestwick-1082	(-)-Eseroline fumarate salt 
Prestwick-1083	Condelphine 
Prestwick-1103	Quinic acid 
Prestwick-1084	Leucomisine 
Prestwick-1085	Dubinidine 
Prestwick-664	Delcorine
Prestwick-674	Graveoline 
Prestwick-665	Evoxine 
Prestwick-675	Hippeastrine hydrobromide 
Prestwick-685	Nitrarine dihydrochloride 
Prestwick-664	Delcorine
Prestwick-674	Graveoline 
Prestwick-1080	Methiazole
Prestwick-1100	Vitamin K2 
Prestwick-1080	Methiazole
Prestwick-1100	Vitamin K2 
Prestwick-864	Methylhydantoin-5-(D) 
Prestwick-691	Fillalbin 
Prestwick-864	Methylhydantoin-5-(D) 
Prestwick-691	Fillalbin 
Prestwick-967	6-Hydroxytropinone 
Prestwick-664	Delcorine
Prestwick-674	Graveoline 
Prestwick-1080	Methiazole
Prestwick-1100	Vitamin K2 
Prestwick-642	Epicatechin-(-) 
Prestwick-692	Tadjakonine 
Prestwick-1080	Methiazole
Prestwick-1100	Vitamin K2 
Prestwick-642	Epicatechin-(-) 
Prestwick-692	Tadjakonine 
Prestwick-860	Methylhydantoin-5-(L) 
Prestwick-665	Evoxine 
Prestwick-685	Nitrarine dihydrochloride 
Prestwick-664	Delcorine
Prestwick-674	Graveoline 
Prestwick-967	6-Hydroxytropinone 
Prestwick-984	Reserpinic acid hydrochloride
Prestwick-857	(+) -Levobunolol hydrochloride 
Prestwick-682	beta- Belladonnine dichloroethylate 
Prestwick-920	L(-)-vesamicol hydrochloride 
Prestwick-920	L(-)-vesamicol hydrochloride 
Prestwick-860	Methylhydantoin-5-(L) 
Prestwick-1085	Dubinidine 
Prestwick-689	Ungerine nitrate
Prestwick-1103	Quinic acid 
Prestwick-664	Delcorine
Prestwick-674	Graveoline 
Prestwick-665	Evoxine 
Prestwick-675	Hippeastrine hydrobromide 
Prestwick-685	Nitrarine dihydrochloride 
Prestwick-689	Ungerine nitrate
Prestwick-1084	Leucomisine 
Prestwick-1085	Dubinidine 
Prestwick-1085	Dubinidine 
Prestwick-1083	Condelphine 
Prestwick-920	L(-)-vesamicol hydrochloride 
Prestwick-981	Nitrocaramiphen hydrochloride
Prestwick-972	THIP Hydrochloride
Prestwick-983	Dimaprit dihydrochloride 
Prestwick-984	Reserpinic acid hydrochloride
Prestwick-857	(+) -Levobunolol hydrochloride 
Prestwick-682	beta- Belladonnine dichloroethylate 
Prestwick-1084	Leucomisine 
Prestwick-1082	(-)-Eseroline fumarate salt 
Prestwick-1084	Leucomisine 
Prestwick-689	Ungerine nitrate
Prestwick-972	THIP Hydrochloride
Prestwick-1082	(-)-Eseroline fumarate salt 
Prestwick-1103	Quinic acid 
Prestwick-984	Reserpinic acid hydrochloride
Prestwick-967	6-Hydroxytropinone 
Prestwick-665	Evoxine 
Prestwick-675	Hippeastrine hydrobromide 
Prestwick-685	Nitrarine dihydrochloride 
Prestwick-559	DO 897/99
Prestwick-981	Nitrocaramiphen hydrochloride
Prestwick-983	Dimaprit dihydrochloride 
