GGAPOKLXWIOMRA-UHFFFAOYSA-N	OPRM	966
GGAPOKLXWIOMRA-UHFFFAOYSA-N	OPRK	955
GGAPOKLXWIOMRA-UHFFFAOYSA-N	OPRD	900
LWUANFDWSQXMON-VXKWHMMOSA-N	NPFF1	900
LQGNDHYNCHVOGU-UHFFFAOYSA-N	DRD2	925
BRCRBCBCOVSRKR-UHFFFAOYSA-N	PK3CA	900
OJTBFENWQVPTFK-UHFFFAOYSA-N	CNR2	900
OJTBFENWQVPTFK-UHFFFAOYSA-N	CNR1	943
LZLCJWHUCAXUOX-UHFFFAOYSA-N	CNR2	900
LZLCJWHUCAXUOX-UHFFFAOYSA-N	CNR1	966
RFJVQUYCUPFOIP-UHFFFAOYSA-N	CNR1	966
RFJVQUYCUPFOIP-UHFFFAOYSA-N	CNR2	900
IXVCYXLRBYFANX-UIOOFZCWSA-N	DRD3	951
IXVCYXLRBYFANX-UIOOFZCWSA-N	DRD2	948
HVFVTDPHUINJDO-SANMLTNESA-N	DRD3	912
YOHFJNHKEUZNTC-ZPGRZCPFSA-N	DRD3	951
YOHFJNHKEUZNTC-ZPGRZCPFSA-N	DRD2	937
ZXPLFBMDBNQTIP-HEVIKAOCSA-N	DRD3	951
ZXPLFBMDBNQTIP-HEVIKAOCSA-N	DRD2	937
HDZWTAJVYGVJEQ-UHFFFAOYSA-N	SGMR1	949
XBSWVSBTGPVAJQ-UHFFFAOYSA-N	CAH9	900
XBSWVSBTGPVAJQ-UHFFFAOYSA-N	CAH12	900
QCDYVPJGOGJLNH-UHFFFAOYSA-N	CAH12	900
QCDYVPJGOGJLNH-UHFFFAOYSA-N	CAH9	900
HNWCOJUBQHCOIS-PUHABZHSSA-N	OPRM	953
ZGMMELMXTXTHBD-PUHABZHSSA-N	OPRD	943
ZGMMELMXTXTHBD-PUHABZHSSA-N	OPRM	931
ULEAONYLHPWGFF-PUHABZHSSA-N	OPRD	951
ADONYAJEPBCRAQ-UHFFFAOYSA-N	5HT4R	951
UNTKPDCHLNXXQO-UHFFFAOYSA-N	5HT4R	910
MREMSPSMZSVSJS-UHFFFAOYSA-N	5HT4R	900
UWMNAFXETUEZJZ-UHFFFAOYSA-N	5HT4R	900
WLXVXYVNPATIDD-UHFFFAOYSA-N	AA3R	900
DOQMMBVTJMYBSJ-UHFFFAOYSA-N	AA3R	900
DOQMMBVTJMYBSJ-UHFFFAOYSA-N	AA2AR	900
FFRSWFJBGXXDHU-UHFFFAOYSA-N	AA3R	900
GJGCMSZTXVMITL-RPLLCQBOSA-N	ACHA7	900
CVMCUOXJDFHVPX-UHFFFAOYSA-N	CNR1	919
GTUBFFSVRFOGEG-UHFFFAOYSA-N	CNR1	966
UAVBXTCRHQYQIA-LAUBAEHRSA-N	ACHA7	900
JKLCGNDKCNBNMT-RBBKRZOGSA-N	ACHA7	917
FONCJXWMQYTPRQ-WMLDXEAASA-N	ACHA7	900
HXFWRSDQHGMADM-VHZJUZHNSA-N	OPRM	928
HXFWRSDQHGMADM-VHZJUZHNSA-N	OPRK	944
HXFWRSDQHGMADM-VHZJUZHNSA-N	OPRD	963
CUQFOTQJZNKDLP-LMUOQGPPSA-N	OPRM	979
CUQFOTQJZNKDLP-LMUOQGPPSA-N	OPRK	970
CUQFOTQJZNKDLP-LMUOQGPPSA-N	OPRD	974
YQGFHIVRHGMZCA-UHFFFAOYSA-N	5HT4R	913
UAZGCPQENLJGTK-UHFFFAOYSA-N	5HT4R	900
VTKVNLMBZSSKOU-UHFFFAOYSA-N	5HT4R	900
MCRFONGIRQMEHT-FLMSMKGQSA-N	H7BXT3	900
MCRFONGIRQMEHT-FLMSMKGQSA-N	FURIN	900
XWTKNAKNIMXMRA-JJGWWSOQSA-N	TLR2	900
UNILWMWFPHPYOR-KXEYIPSPSA-M	TLR2	900
WTWXYJSBRDPEQS-GDAFCXFGSA-N	OPRK	951
WTWXYJSBRDPEQS-GDAFCXFGSA-N	OPRM	951
OBUFHLXWKKVZEG-VFYYNSAKSA-N	OPRM	961
OBUFHLXWKKVZEG-VFYYNSAKSA-N	OPRK	952
NWWQXXBHOPDTHY-UHFFFAOYSA-N	J3QK85	900
BHFQBHBXODOWRO-UHFFFAOYSA-N	ACHA7	924
GKNSLBAHDKWDHQ-UHFFFAOYSA-N	ACHA7	900
IANFMKSURFPROC-UHFFFAOYSA-N	V2R	966
ZFFXISNLLVHKAH-UHFFFAOYSA-N	V2R	966
FBKKZPZMTPZFKT-IUCALIBESA-N	KLK1	900
OCLGDDRKWUPSAM-UHFFFAOYSA-N	SGMR1	900
XGRBKTASRZCJDH-UHFFFAOYSA-N	SGMR1	900
JODBXTNODWFPKS-UHFFFAOYSA-N	5HT6R	900
SPAHVDMKPPJIIG-UHFFFAOYSA-N	5HT6R	900
PBWHUGAHLJQFGX-UHFFFAOYSA-N	5HT6R	900
MDRAJBLIYXCTEC-BTSHEXGNSA-N	B1AK19	900
NZWVPPWETNVVNT-UHFFFAOYSA-N	5HT1A	921
INOMEJQJASDKAN-UHFFFAOYSA-N	DRD4	913
INOMEJQJASDKAN-UHFFFAOYSA-N	5HT1A	900
UBJGAMCLYVTMDF-UHFFFAOYSA-N	ACES	900
MXELMKSJXSFSDI-UHFFFAOYSA-N	5HT1A	900
MXELMKSJXSFSDI-UHFFFAOYSA-N	5HT7R	900
LYYTTXCSEIAHQX-UHFFFAOYSA-N	5HT7R	900
LYYTTXCSEIAHQX-UHFFFAOYSA-N	5HT1A	900
LYYTTXCSEIAHQX-UHFFFAOYSA-N	DRD2	900
LEHDCEDFGAFVGX-NDEPHWFRSA-N	CCR3	900
SCPZZHOBAUELHR-GJYOXNSLSA-N	DRD3	924
ACXACDPGDPECRB-QAFNWWFMSA-N	CNR2	966
PPAGNEOHDUNLGU-OZPSJDSCSA-N	CNR2	966
XEOCDVSKIYYOBM-DSHTUKHRSA-N	DHI1	932
RMMHAMDRTFVCGD-UIBWAUIOSA-N	DHI1	932
RCRZIFPUNHBIAK-NAQXRUJFSA-N	OPRD	951
HVWVHIIPEUQRRH-RFCMRFBMSA-N	OPRD	951
FPVYOGPIDHVUGO-AKEJJZJZSA-N	OPRM	951
FPVYOGPIDHVUGO-AKEJJZJZSA-N	OPRK	951
FPVYOGPIDHVUGO-AKEJJZJZSA-N	OPRD	945
OGNWUAHMYGXINC-INXLQGPBSA-N	GCR	966
QDAAXOQEIPAFJS-UHFFFAOYSA-N	ACES	931
QDAAXOQEIPAFJS-UHFFFAOYSA-N	CHLE	920
QFULVZFCCVVSSF-UHFFFAOYSA-N	CHLE	920
PXIRZFSARGCTPF-UHFFFAOYSA-N	CHLE	920
VFIDGXZRONKQBZ-LJQANCHMSA-N	ADA1B	900
VFIDGXZRONKQBZ-LJQANCHMSA-N	ADA1A	900
YZAHEHXQIMZHAJ-HXUWFJFHSA-N	ADA1B	915
YZAHEHXQIMZHAJ-HXUWFJFHSA-N	ADA1A	910
CYQSZWZUHUYROU-KLJLATNJSA-N	CATK	900
NWCLUPOGVWVFRT-WRONEBCDSA-N	OPRM	900
NWCLUPOGVWVFRT-WRONEBCDSA-N	OPRD	900
UAHLUVNKSWGJEK-SVBPBHIXSA-N	SC6A4	900
LBZCSAKYODBTBW-UHFFFAOYSA-N	5HT1B	900
LBZCSAKYODBTBW-UHFFFAOYSA-N	5HT1A	900
LBZCSAKYODBTBW-UHFFFAOYSA-N	5HT1D	900
JCOFIUVPVSRKNW-UHFFFAOYSA-N	CAH12	900
JCOFIUVPVSRKNW-UHFFFAOYSA-N	CAH9	900
GHNSCOXWAUFVMZ-UHFFFAOYSA-N	CAH12	900
GHNSCOXWAUFVMZ-UHFFFAOYSA-N	CAH9	900
OMAOPVVDUUYSAR-UHFFFAOYSA-N	PK3CA	900
KGXJBLWHKBDEOZ-UHFFFAOYSA-N	CNR2	900
KGXJBLWHKBDEOZ-UHFFFAOYSA-N	CNR1	951
LXNLGYHPWSMVIH-UHFFFAOYSA-N	AOFB	900
RGIAIURWTAWFCO-UHFFFAOYSA-N	CNR2	932
XCXDQRTXFPUSSL-UHFFFAOYSA-N	CAH12	900
JIRGTKPVZYPJCV-ZVWXDJDZSA-N	AA1R	915
JIRGTKPVZYPJCV-ZVWXDJDZSA-N	AA3R	900
YTQSVRSKOFHGKH-PUHABZHSSA-N	OPRD	951
KMWRABRPTOODHP-UHFFFAOYSA-N	5HT2B	900
KMWRABRPTOODHP-UHFFFAOYSA-N	5HT4R	900
OLINRUQQUFMPJJ-UHFFFAOYSA-N	5HT2B	900
OLINRUQQUFMPJJ-UHFFFAOYSA-N	5HT4R	900
DBUWXKOGBDPUGP-UHFFFAOYSA-N	5HT4R	900
WPBFAYSKYMRCFJ-UHFFFAOYSA-N	5HT4R	923
COEIQPILCBFUEW-UHFFFAOYSA-N	AA3R	900
FZKCWERKKAIZGP-VQTJNVASSA-N	ACHA7	900
YTCKDPPOQBIMBR-PZJWPPBQSA-N	ACHA7	900
MLWYWGHZOHABMH-SIKLNZKXSA-N	ACHA7	900
RCISLYYUAFRAKW-UHFFFAOYSA-N	CNR1	904
VTAYCQBRFIDJBA-UHFFFAOYSA-N	CNR1	966
YQRNOVVTYJEJEA-GHTZIAJQSA-N	ACHA7	900
VRIUSFWMULLAHX-NZQKXSOJSA-N	ACHA7	900
ACLRMEGZKLFCJJ-UHFFFAOYSA-N	CNR2	900
GXPFAGIMBDKZKN-UHFFFAOYSA-N	CNR2	900
JUNNRNPPDPOZCZ-WDJKZLNSSA-N	OPRM	978
JUNNRNPPDPOZCZ-WDJKZLNSSA-N	OPRD	973
JUNNRNPPDPOZCZ-WDJKZLNSSA-N	OPRK	976
AQMQWKFSMIRRJA-OGICNVKRSA-N	OPRM	979
AQMQWKFSMIRRJA-OGICNVKRSA-N	OPRK	977
AQMQWKFSMIRRJA-OGICNVKRSA-N	OPRD	974
YYSCTYIWGJPHIQ-OUDZLNJNSA-N	OPRD	974
YYSCTYIWGJPHIQ-OUDZLNJNSA-N	OPRM	979
YYSCTYIWGJPHIQ-OUDZLNJNSA-N	OPRK	970
ZZANZGQVTYIQHJ-RJKGWOMYSA-N	OPRD	974
ZZANZGQVTYIQHJ-RJKGWOMYSA-N	OPRM	979
ZZANZGQVTYIQHJ-RJKGWOMYSA-N	OPRK	977
GIAFMALBXILRAW-UHFFFAOYSA-N	5HT4R	900
CSEWNEAENOXTIT-FLMSMKGQSA-N	H7BXT3	900
CSEWNEAENOXTIT-FLMSMKGQSA-N	FURIN	900
BKXZMXDOQRUKBY-DFXDLVLWSA-N	H7BXT3	900
BKXZMXDOQRUKBY-DFXDLVLWSA-N	FURIN	900
UVRCIWIYURYENI-SZSHLTAVSA-N	OPRK	954
UVRCIWIYURYENI-SZSHLTAVSA-N	OPRM	963
ZAGVNQCMOLWFKV-UHFFFAOYSA-N	ACHA7	900
SJGHGXWQPNNDCN-UHFFFAOYSA-N	ACHA7	900
ZEULETIAOMCOPN-YWZLYKJASA-N	J3QK85	900
BEBIEORUESJWFE-UHFFFAOYSA-N	ACHA7	901
IBBDZWKITSVGEW-UHFFFAOYSA-N	V2R	966
XDYDUNBHHKDDHX-UHFFFAOYSA-N	V2R	966
MVLVSSYWLGSAFE-MAODMQOUSA-N	CATK	932
CUYXSYPJAAXOLP-RTBURBONSA-N	CATK	932
SPWKCUOJASZCNG-RTBURBONSA-N	CATK	932
OYRPKYOIWRHSMN-HUESYALOSA-N	BCL2	900
SWZYIRPDDPOASE-BKJZJYPPSA-N	GHSR	900
QAILTYMAZIQAFM-UHFFFAOYSA-N	CNR2	900
YACRZYIQUBCSTQ-UHFFFAOYSA-N	SGMR1	900
WCZLJWBBNSGTEU-UHFFFAOYSA-N	SGMR1	900
QMMMRXVBSGZXCO-UHFFFAOYSA-N	DRD2	900
XTBBBYLRJBRVPZ-YOQGVNIDSA-N	CATK	932
SOVXXZTYMJJWTR-UHFFFAOYSA-N	DRD4	900
SOVXXZTYMJJWTR-UHFFFAOYSA-N	5HT1A	900
IJEBNHPCKYYWBR-UHFFFAOYSA-N	5HT1A	900
KCLONPRRKHVPLU-VWLOTQADSA-N	CCR3	900
RMSWKUOSOVPFPF-SANMLTNESA-N	CCR3	900
RUVGZLLBYDXKFE-RRUPDEEPSA-N	CATD	900
QEUJSKQTXPXUFF-UHFFFAOYSA-N	CNR2	936
CREVZVPNRPJMGM-YZKLRPOOSA-N	CNR1	900
CREVZVPNRPJMGM-YZKLRPOOSA-N	CNR2	959
MJLVEHGDNFWHFO-XKIQXPFDSA-N	CNR2	933
OOBBRVPUGUGFHT-FYYUSBCQSA-N	CNR1	900
OOBBRVPUGUGFHT-FYYUSBCQSA-N	CNR2	962
FMWROTRZBIZHIS-HVQVANDDSA-N	CNR2	966
DOBQJQQLAUYHGA-LIZGGCJNSA-N	DHI1	932
QTZJLWFULMKGIZ-BDSZUSOGSA-N	OPRD	951
QTZJLWFULMKGIZ-BDSZUSOGSA-N	OPRM	951
RWONLUFYZLSTSQ-AKEJJZJZSA-N	OPRD	907
UVOMDMPNKDDAPV-RFCMRFBMSA-N	OPRD	951
KXFOKMDICLMBPJ-KYJUHHDHSA-N	GCR	919
UTRSLGXBKJOIRA-SVBPBHIXSA-N	GCR	913
FJPIMKXINVWPJB-UHFFFAOYSA-N	ACES	931
FJPIMKXINVWPJB-UHFFFAOYSA-N	CHLE	920
DHSGJXAHIBZFFJ-UHFFFAOYSA-N	CHLE	920
LQAGILIRBJKYDY-UHFFFAOYSA-N	CHLE	920
UYHRAQBDMFVGNM-FJWUJMSZSA-N	OPRK	946
MEPZCBIZPNCRSQ-FCHUYYIVSA-N	CNR2	932
MEPZCBIZPNCRSQ-FCHUYYIVSA-N	CNR1	922
NGGQKRQODMBDMZ-UHFFFAOYSA-N	CAH9	900
MOYUSPFIZGSIFO-UHFFFAOYSA-N	OPRM	966
MOYUSPFIZGSIFO-UHFFFAOYSA-N	OPRK	958
MOYUSPFIZGSIFO-UHFFFAOYSA-N	OPRD	900
JGUXMSRMPQRTLO-UHFFFAOYSA-N	OPRM	966
JGUXMSRMPQRTLO-UHFFFAOYSA-N	OPRD	900
JGUXMSRMPQRTLO-UHFFFAOYSA-N	OPRK	956
NDXPOARUSJMOJN-CQSZACIVSA-N	CCR3	900
RSTJJQONPRJAIE-UHFFFAOYSA-N	DRD2	900
LBFQANDXZUXJCY-UHFFFAOYSA-N	CNR2	900
LBFQANDXZUXJCY-UHFFFAOYSA-N	CNR1	916
CIDCPLKTGCFTOZ-VMPREFPWSA-N	DRD2	932
CIDCPLKTGCFTOZ-VMPREFPWSA-N	DRD3	934
VVGHVCRBPYKJEP-SVBPBHIXSA-N	DRD2	933
VVGHVCRBPYKJEP-SVBPBHIXSA-N	DRD3	951
DTBWPACMEMXXSN-ZEQRLZLVSA-N	DRD3	951
DTBWPACMEMXXSN-ZEQRLZLVSA-N	DRD2	945
WFWBTUDCRNGUJQ-FQEVSTJZSA-N	DRD3	951
WFWBTUDCRNGUJQ-FQEVSTJZSA-N	DRD2	933
HNRNHSSPRYSYIA-HCRAKGJFSA-N	ELNE	900
YAPKXFBMWACFBF-UHFFFAOYSA-N	CNR2	905
RGBCNQQYTIOMTP-GTUZIGPTSA-N	OPRD	913
RGBCNQQYTIOMTP-GTUZIGPTSA-N	OPRK	951
RGBCNQQYTIOMTP-GTUZIGPTSA-N	OPRM	945
DAQZLXYFNHPPBP-UHFFFAOYSA-N	CATK	900
IEAIMVXZKTUXNA-PUHABZHSSA-N	OPRM	953
HBVNFFWOVCJCBB-UHFFFAOYSA-N	5HT4R	909
GDRLBCZDGQFDCZ-UHFFFAOYSA-N	5HT4R	900
QCJSUMWNJLEJCF-UHFFFAOYSA-N	AA3R	900
MWVVPKMOFGWWBE-UHFFFAOYSA-N	AA3R	900
MWVVPKMOFGWWBE-UHFFFAOYSA-N	AA2AR	922
YIRYRKPJVKXGQW-UHFFFAOYSA-N	AA3R	900
YXQCCLBYMCTKHR-UHFFFAOYSA-N	AA3R	900
QNYQLGNNYUTDRZ-UHFFFAOYSA-N	AA3R	900
AXCOIUNNTSIFCI-UHFFFAOYSA-N	AA3R	900
MKTDHKFRAQCBTM-UHFFFAOYSA-N	AA3R	900
GLDKDAVDPFANSF-RBBKRZOGSA-N	ACHA7	900
NQINNTGTVUJDLU-GHTZIAJQSA-N	ACHA7	900
CYDCEEAUKMSWFL-UHFFFAOYSA-N	CNR1	966
MOLFFFRLZHZCTJ-UHFFFAOYSA-N	CNR1	966
UBNFSKFPIRIYRH-GHTZIAJQSA-N	ACHA7	900
KFVYJNNGAANKPZ-NZQKXSOJSA-N	ACHA7	900
DSFGXLVVCKUCLE-UHFFFAOYSA-N	5HT4R	900
CMGVCQGZBHZPRG-BMGWUDNWSA-N	FURIN	900
CMGVCQGZBHZPRG-BMGWUDNWSA-N	H7BXT3	900
YCKUJRLTYLJWTR-UHFFFAOYSA-N	ACHA7	900
DTJDNERLLFSNHE-UHFFFAOYSA-N	J3QK85	900
RSOMSHNFTJIWMV-UHFFFAOYSA-N	ACM1	961
XCKRDANFKQJNSM-BHIYHBOVSA-N	CATK	932
ZUHYPWOELKBVCM-MISYRCLQSA-N	CATK	932
KFZXSMATDSSFDD-DUXKGJEZSA-N	CATK	932
UHYCUITVTUDBPM-WOJBJXKFSA-N	CATK	932
CYAXTHULEFHIMG-UHFFFAOYSA-N	CCR3	900
HEXLWCYATIWTTD-LDLOPFEMSA-N	BCL2	900
PNAMBQGMTWMVBZ-VQJSHJPSSA-N	BCL2	900
AHWBBFQVXUUXQV-KBWIMFBDSA-N	GHSR	900
ZFYMCRVLLKOPKA-XDOKRNFKSA-N	GHSR	900
RMMBNMYQECMRRI-UHFFFAOYSA-N	5HT6R	900
LMESWUCYEXZYAH-UHFFFAOYSA-N	5HT6R	900
UUOCHUHUTLBSEF-QXAPVUDZSA-N	B1AK19	900
ZDHWQNDDDURZGC-UHFFFAOYSA-N	5HT1A	966
ZFFSGABXGXSDLV-UHFFFAOYSA-N	5HT6R	900
YCFSCWCCZHATDT-UHFFFAOYSA-N	5HT1A	900
YCFSCWCCZHATDT-UHFFFAOYSA-N	5HT7R	900
YCFSCWCCZHATDT-UHFFFAOYSA-N	DRD2	900
NWTFCLNCCNYNPB-UHFFFAOYSA-N	5HT1A	900
NWTFCLNCCNYNPB-UHFFFAOYSA-N	DRD2	900
NWTFCLNCCNYNPB-UHFFFAOYSA-N	5HT7R	900
AFYGMVTVTLNALM-UHFFFAOYSA-N	5HT7R	900
AFYGMVTVTLNALM-UHFFFAOYSA-N	5HT1A	900
IXEYQNFHDYVRSV-UHFFFAOYSA-N	DRD2	900
IXEYQNFHDYVRSV-UHFFFAOYSA-N	5HT7R	900
FFHGQHXJBFARGL-UHFFFAOYSA-N	5HT7R	900
PBBXMRSAGQVCLG-UHFFFAOYSA-N	5HT7R	900
QUVFEIAGJQJKEC-UHFFFAOYSA-N	5HT7R	900
MPKSCXRJQWSUIH-KXBFYZLASA-N	OPRM	932
UKFQIMWHDWIVOT-MCDJICJRSA-N	OPRM	955
YYAXFDUSWODWGA-WPFOTENUSA-N	CATD	900
SRZQASDTTLSGGK-BTQNPOSSSA-N	ADA1B	944
SRZQASDTTLSGGK-BTQNPOSSSA-N	5HT1A	951
SRZQASDTTLSGGK-BTQNPOSSSA-N	ADA1D	966
SRZQASDTTLSGGK-BTQNPOSSSA-N	ADA1A	951
QJMDAWQCQFXIKI-HZQOUZEWSA-N	CNR2	936
AEMIQXVCZRZSRZ-ACCUITESSA-N	CHLE	911
YGMBQLZKAOJXNF-PRVDTAJYSA-N	OPRD	951
IENYLRYDSNZGQB-PRVDTAJYSA-N	OPRD	907
BNYFJZUEAYEQLE-RFCMRFBMSA-N	OPRD	927
RVKSOBLJSXCXOU-BGPJRJNSSA-N	OPRD	951
LRXLQBUTYGJFFA-BGPJRJNSSA-N	OPRD	951
OAZWZTVBEQJENH-UHFFFAOYSA-N	CHLE	920
SAMYTBZVLLYSKN-GOSISDBHSA-N	ADA1B	908
OUEZWZJJIKBFFV-MRXNPFEDSA-N	ADA1B	907
HRSYZRFBUGIVHN-MRXNPFEDSA-N	ADA1B	900
HRSYZRFBUGIVHN-MRXNPFEDSA-N	ADA1A	900
APOXKSCRLNZDPC-UHFFFAOYSA-N	DRD4	921
LZPOTBPVUFSMFO-ROJLCIKYSA-N	MC4R	901
XVYIADYYFNGCJZ-CMDGGOBGSA-N	DRD4	900
LHHTYFITEFMGTD-UHFFFAOYSA-N	CAH9	900
OLITVZQCNVWUKT-DNQXCXABSA-N	NPFF2	900
OLITVZQCNVWUKT-DNQXCXABSA-N	NPFF1	900
IOFOPIMDJBEBFZ-UHFFFAOYSA-N	DRD2	941
SKSNWJPZQYVOQU-UHFFFAOYSA-N	SC6A4	900
IBCGCPIEVOHYAS-UHFFFAOYSA-N	CNR2	900
IBCGCPIEVOHYAS-UHFFFAOYSA-N	CNR1	966
JPGHESNKHAZUNP-UHFFFAOYSA-N	CNR1	966
JPGHESNKHAZUNP-UHFFFAOYSA-N	CNR2	900
USKZVVYKFRBNFR-UHFFFAOYSA-N	CNR1	966
USKZVVYKFRBNFR-UHFFFAOYSA-N	CNR2	900
LJUIOTQUQGYOFU-UHFFFAOYSA-N	CNR2	900
LJUIOTQUQGYOFU-UHFFFAOYSA-N	CNR1	900
YUERFHADRHAZBK-QFIPXVFZSA-N	NK1R	900
YUERFHADRHAZBK-QFIPXVFZSA-N	NK3R	900
GHKIBXCILCIHBJ-UHFFFAOYSA-N	CAH9	900
OYWKFCBFFWYLCW-UHFFFAOYSA-N	GRM1	951
MPUYRUOBAAPNAJ-UHFFFAOYSA-N	5HT4R	937
BIAZRDQNRJRCRQ-UHFFFAOYSA-N	5HT4R	900
FIYNONZIAJOWEK-UHFFFAOYSA-N	5HT4R	933
GQQIISWJBGUJTR-UHFFFAOYSA-N	AA3R	900
GABASWHARKDMCS-UHFFFAOYSA-N	AA3R	900
YWBHNABMSXRTSU-UHFFFAOYSA-N	AA3R	900
BSFFINUACIWIKO-UHFFFAOYSA-N	AA3R	900
BSFFINUACIWIKO-UHFFFAOYSA-N	AA2AR	907
CQWRQINOVNKCQT-UHFFFAOYSA-N	AA2AR	926
GHKVVMMWZMIMDK-UDZSBARMSA-N	UROK	900
YRSRVRMUNDNIIH-GHTZIAJQSA-N	ACHA7	900
NSNQHMACSLZVFE-UHFFFAOYSA-N	CNR1	966
JLVAHQKGPMYULG-UHFFFAOYSA-N	CNR1	924
MBDFEYSTWDVXOJ-UHFFFAOYSA-N	CNR1	966
CKCVKNRGWHNZIC-SIKLNZKXSA-N	ACHA7	956
OFTPVHUJNOOXJO-ZWKOTPCHSA-N	ACHA7	900
KVZPMBRUAZYLFQ-UHFFFAOYSA-N	5HT4R	900
IJYIYBWQZQDHRW-JJVQHPENSA-N	OPRD	973
IJYIYBWQZQDHRW-JJVQHPENSA-N	OPRM	978
IJYIYBWQZQDHRW-JJVQHPENSA-N	OPRK	975
WTQCCWURXMRMMY-GBYFWFCKSA-N	OPRK	975
WTQCCWURXMRMMY-GBYFWFCKSA-N	OPRD	973
WTQCCWURXMRMMY-GBYFWFCKSA-N	OPRM	978
RDEXMUKWTMRQJX-WGKBJPKESA-N	OPRD	973
RDEXMUKWTMRQJX-WGKBJPKESA-N	OPRK	976
RDEXMUKWTMRQJX-WGKBJPKESA-N	OPRM	978
QKDLBYSWRHMFOW-NVSKSXHLSA-N	OPRD	974
QKDLBYSWRHMFOW-NVSKSXHLSA-N	OPRK	975
QKDLBYSWRHMFOW-NVSKSXHLSA-N	OPRM	980
XSKVQIBZHKGXKX-QVDUQQMDSA-N	OPRK	975
XSKVQIBZHKGXKX-QVDUQQMDSA-N	OPRD	974
XSKVQIBZHKGXKX-QVDUQQMDSA-N	OPRM	980
OEZYKWLLDKHTRE-UHFFFAOYSA-N	CAH2	900
VSHCSEYFWRZIDV-SFTDATJTSA-N	OPRD	900
VSHCSEYFWRZIDV-SFTDATJTSA-N	OPRM	900
JPNUKJAOPRHHRY-UHFFFAOYSA-N	ACHA7	900
CRPBMTGSCRKOBR-UHFFFAOYSA-N	ACHA7	922
SABXAYNLEVUPEM-UHFFFAOYSA-N	J3QK85	900
DKCNQAVAFXNUSX-UHFFFAOYSA-N	J3QK85	900
JLDUHYJPNRGFMT-UHFFFAOYSA-N	V2R	966
BPVVNBZGAODJNC-QZTJIDSGSA-N	CATK	932
OSUVEVWOPQLILG-UHFFFAOYSA-N	CCR3	900
AGZRUDZQXOKXMC-KXQOOQHDSA-N	BCL2	900
WQCBFZDVUJBJNR-RRHRGVEJSA-N	BCL2	900
BYYSKUBHHAVRPY-UHFFFAOYSA-N	5HT6R	900
XJAYGMZKCTVDCR-UHFFFAOYSA-N	5HT6R	900
RYVLJWQSUMPPDS-UHFFFAOYSA-N	GHSR	900
DOJOVBDBXSAJKC-UHFFFAOYSA-N	5HT1A	920
SWWAJKICKBHVHO-UHFFFAOYSA-N	DRD4	908
SWWAJKICKBHVHO-UHFFFAOYSA-N	5HT1A	966
VAXUKYCSAUELNZ-UHFFFAOYSA-N	EDNRA	949
PTUSSYFBDMDHKX-UHFFFAOYSA-N	ACES	900
VKSYXEVIKRCOBB-UHFFFAOYSA-N	ACES	900
BIELEBGKQGHCEI-UHFFFAOYSA-N	ACES	900
VLPKCTQVTGCLDX-UHFFFAOYSA-N	5HT1A	900
VLPKCTQVTGCLDX-UHFFFAOYSA-N	5HT7R	900
LHMHWJFZTBPLDP-UHFFFAOYSA-N	5HT1A	900
LHMHWJFZTBPLDP-UHFFFAOYSA-N	5HT7R	900
LHMHWJFZTBPLDP-UHFFFAOYSA-N	DRD2	900
GXJGVXJVSZWVLE-UHFFFAOYSA-N	DRD2	900
GXJGVXJVSZWVLE-UHFFFAOYSA-N	5HT7R	900
GXJGVXJVSZWVLE-UHFFFAOYSA-N	5HT1A	900
FOQNONLDPFMOKP-UHFFFAOYSA-N	CCR3	900
LLEJNWFSXZIFMW-NDEPHWFRSA-N	CCR3	900
AMFDWAQBEWPZKV-UHFFFAOYSA-N	GRM5	933
BCUGFLFNIATCJH-MQJQZHHKSA-N	ASNS	900
YFCBEUZEPPCELQ-UHFFFAOYSA-N	CNR1	900
YFCBEUZEPPCELQ-UHFFFAOYSA-N	CNR2	900
KOPJCFFPLXQVSA-RESCNRSOSA-N	CNR2	962
KOPJCFFPLXQVSA-RESCNRSOSA-N	CNR1	900
HXOIETBHRZNHME-WDJKZLNSSA-N	OPRD	940
HXOIETBHRZNHME-WDJKZLNSSA-N	OPRM	900
INKYWYABALBSLD-HPMHZXFDSA-N	OPRD	951
GEENHJKZTFSYNV-PRVDTAJYSA-N	OPRD	908
FFDJFIQFJDZTFK-BGPJRJNSSA-N	OPRD	950
RBWOAAFKCGKUGE-RFCMRFBMSA-N	OPRD	930
RIZIKUPKARHIHW-AKEJJZJZSA-N	OPRD	951
RGQWGNGUFUBHCQ-JDXGNMNLSA-N	GCR	918
NCCCPSXRJCJMFM-SVBPBHIXSA-N	GCR	919
DZCWPLOFGHBGEG-UHFFFAOYSA-N	CHLE	920
IIJOMUMHOGODMP-UHFFFAOYSA-N	CHLE	914
YZGYKMFGKGZXTR-UHFFFAOYSA-N	CHLE	920
KMFDXNUGIFDFHQ-LJQANCHMSA-N	ADA1A	911
KMFDXNUGIFDFHQ-LJQANCHMSA-N	ADA1B	916
IMIGYXVXIBPZFP-MOXYHQKCSA-N	OPRK	976
IMIGYXVXIBPZFP-MOXYHQKCSA-N	OPRD	912
IMIGYXVXIBPZFP-MOXYHQKCSA-N	OPRM	977
PSFPVZKHQHEISC-UHFFFAOYSA-N	BKRB1	900
LXDSBPGNRFLTQQ-FIRIVFDPSA-N	MC4R	956
SATXLDNXPGMNQI-AIDJPXSQSA-N	SC6A4	900
YMYLEXPDGRKLFX-UHFFFAOYSA-N	CAH12	900
YMYLEXPDGRKLFX-UHFFFAOYSA-N	CAH9	900
XDPGTKZCXIUYTQ-UHFFFAOYSA-N	OPRD	900
XDPGTKZCXIUYTQ-UHFFFAOYSA-N	OPRK	957
XDPGTKZCXIUYTQ-UHFFFAOYSA-N	OPRM	966
VGXRCKABUWPZDJ-UHFFFAOYSA-N	OPRK	956
VGXRCKABUWPZDJ-UHFFFAOYSA-N	OPRD	900
VGXRCKABUWPZDJ-UHFFFAOYSA-N	OPRM	966
HLJNSDSPIPNDAP-FPOVZHCZSA-N	NPFF2	900
RERFEVZFDKAIPE-JAPHFTBRSA-N	NPFF1	900
NUTCIQIPIDPFOT-UHFFFAOYSA-N	DRD2	926
LUENAZOOIPSKQU-UHFFFAOYSA-N	DRD2	900
LUENAZOOIPSKQU-UHFFFAOYSA-N	SC6A4	900
DDCGVRBUYFJQAK-UHFFFAOYSA-N	GRM1	932
VNJXNFKHKAGNBS-UHFFFAOYSA-N	CNR2	932
DGDAEJXIYKFTSC-UHFFFAOYSA-N	NK1R	900
DGDAEJXIYKFTSC-UHFFFAOYSA-N	NK3R	900
LRXCGFYOSHVODE-UHFFFAOYSA-N	CAH9	900
LRXCGFYOSHVODE-UHFFFAOYSA-N	CAH12	900
HKLAZZGHXOBEGL-UHFFFAOYSA-N	CAH9	900
KKWARMPHJUFXQB-NFGXINMFSA-N	OPRM	953
RGAXFJCJARXKLB-PUHABZHSSA-N	OPRD	931
RGAXFJCJARXKLB-PUHABZHSSA-N	OPRM	931
JBPBJYKHTQKMKP-UHFFFAOYSA-N	5HT4R	900
OTZPDZBHTVRFPM-UHFFFAOYSA-N	AA3R	900
BJSSATMJOLCJJW-UHFFFAOYSA-N	AA3R	900
KXPAURVKWYPIKG-UHFFFAOYSA-N	AA3R	900
LVFMVYMRLFXZPP-SECBINFHSA-N	AA3R	900
VAHWESGSDSLQQO-UHFFFAOYSA-N	AA3R	900
DXMBXEZNSPKQQU-UHFFFAOYSA-N	AA3R	900
MHQQFDVNGWLYMF-UHFFFAOYSA-N	AA3R	900
FPMBUTWGTHHSLU-UHFFFAOYSA-N	AA3R	900
WXPASSFLHJVUDM-UHFFFAOYSA-N	AA3R	900
HSCRHSNGDUAFBE-PZJWPPBQSA-N	ACHA7	900
DUEDSPYMVNBUKD-UHFFFAOYSA-N	CNR1	966
SHNLAVNKNFYRDC-YKYMNFOOSA-N	OPRM	981
SHNLAVNKNFYRDC-YKYMNFOOSA-N	OPRK	976
SHNLAVNKNFYRDC-YKYMNFOOSA-N	OPRD	966
DWLGMXSQIHCWQW-ZMEWCLFHSA-N	OPRM	981
DWLGMXSQIHCWQW-ZMEWCLFHSA-N	OPRK	976
DWLGMXSQIHCWQW-ZMEWCLFHSA-N	OPRD	966
ZOSNPKYKQJPYEO-FDISYFBBSA-N	H7BXT3	900
DMXTVXWEGNJBRF-UHFFFAOYSA-N	CAH2	900
QZDANAWJLUZBMD-RDYFDFNXSA-N	OPRM	951
QZDANAWJLUZBMD-RDYFDFNXSA-N	OPRK	951
TWVKXXKMLUVNDJ-UHFFFAOYSA-N	ACHA7	900
OZFZESZUSYGADK-MAUKXSAKSA-N	J3QK85	900
SDSVZRBQCYMWED-UHFFFAOYSA-N	V2R	966
HCEMXUHTAYODLO-UHFFFAOYSA-N	V2R	966
OQJQSVZAPSMNLA-MISYRCLQSA-N	CATK	932
RZRSGESNYRZLJD-KZNAEPCWSA-N	CATK	932
SQBHNGLRWQXEGU-NLSFWIRASA-N	CATK	932
VNQPOUUFPRFJLK-RTBURBONSA-N	CATK	932
HRGGUWIIWMDFFV-WKQVHSPNSA-N	KLK1	900
QFEVODPERDFEPA-LDLOPFEMSA-N	BCL2	900
SDVXXXQKINNLNS-UHFFFAOYSA-N	BCL2	900
NRNPLKNQEHSDHU-UHFFFAOYSA-N	PK3CG	900
DDOGMZTWQKWDBQ-UHFFFAOYSA-N	PK3CG	900
ZEDMSACHUKBGJU-HDICACEKSA-N	SGMR1	900
UGUNJRCCIBWNOS-BGYRXZFFSA-N	SGMR1	923
GHYXXJSJUIIYOB-UHFFFAOYSA-N	5HT6R	900
VPTIIMVBILWEMO-IKSXBEDHSA-N	B1AK19	900
YUOLKUGHNOWKJF-UHFFFAOYSA-N	5HT1A	900
DPXHZGTXADEJLN-UHFFFAOYSA-N	5HT1A	920
GTWOHZJMQWACQH-OAQYLSRUSA-N	DRD2	900
GTWOHZJMQWACQH-OAQYLSRUSA-N	5HT1A	900
GTWOHZJMQWACQH-OAQYLSRUSA-N	5HT7R	900
OJWOIBDHQBDTRR-UHFFFAOYSA-N	5HT7R	900
OJWOIBDHQBDTRR-UHFFFAOYSA-N	DRD2	900
LNLHSSBZJJKVNL-UHFFFAOYSA-N	DRD2	900
LNLHSSBZJJKVNL-UHFFFAOYSA-N	5HT7R	900
QJBQEWSNFBPJMQ-UHFFFAOYSA-N	5HT7R	900
KMOMTWGPDMMDNW-UHFFFAOYSA-N	5HT7R	900
KMOMTWGPDMMDNW-UHFFFAOYSA-N	DRD2	900
PVXLGFBXDRYJSA-LVXARBLLSA-N	OPRM	938
KNGJDSQYQMFGQO-DQEYMECFSA-N	OPRM	948
HVXKRBGIMSFFEJ-WGUYJYMSSA-N	DRD3	924
XTWAISKZQWHQJT-UHFFFAOYSA-N	HS90B	900
MOUPSUCXVQAACD-HZFOSRTRSA-N	CNR2	960
MOUPSUCXVQAACD-HZFOSRTRSA-N	CNR1	900
QEGOWKJFJUQRGC-UIZPODPQSA-N	CNR2	905
UXTZECJZSNUHQI-OTHJPHAFSA-N	DHI1	920
QMTOBZMYQWILCD-KDXKOOHZSA-N	DHI1	929
GSCCZRKVERMPLE-QDQMCZEYSA-N	DHI1	932
ZDAZONGVCHDCDF-SFHVURJKSA-N	BACE1	900
NQQLLJHFCQUECW-AKEJJZJZSA-N	OPRD	907
VJAUVKJHHDAFGT-AKEJJZJZSA-N	OPRM	945
VJAUVKJHHDAFGT-AKEJJZJZSA-N	OPRD	943
VJAUVKJHHDAFGT-AKEJJZJZSA-N	OPRK	938
IPOYUYPGABKIKO-NAQXRUJFSA-N	OPRD	951
REALJRMCVZWNGR-AKEJJZJZSA-N	OPRD	951
FNEORDYLRZOEEP-LJQANCHMSA-N	ADA1A	904
FNEORDYLRZOEEP-LJQANCHMSA-N	ADA1B	907
FOMXWLMRNKMHNU-UHFFFAOYSA-N	OPRM	922
DXCMQCMXFAFGJV-XNIJJKJLSA-N	AA3R	900
UMERUPOBROSOKW-QGZVFWFLSA-N	BKRB1	900
QMMWVLIFHOMJGB-MRXNPFEDSA-N	BKRB1	900
JJAKXQWLCFCBQT-ROJLCIKYSA-N	MC4R	958
GDWHHUAACJTISE-LVXARBLLSA-N	SC6A4	900
PWHGDVUYVPECPZ-UHFFFAOYSA-N	OPRM	966
PWHGDVUYVPECPZ-UHFFFAOYSA-N	OPRD	900
PWHGDVUYVPECPZ-UHFFFAOYSA-N	OPRK	953
RFUZKBXHAYBHOX-RPWUZVMVSA-N	NPFF1	900
POUFILVXNGANSY-DNQXCXABSA-N	NPFF1	900
POUFILVXNGANSY-DNQXCXABSA-N	NPFF2	900
FLTAIVXWWOKLBO-CYBMUJFWSA-N	CCR3	900
HVGNYVOUQOKFLU-UHFFFAOYSA-N	DRD3	917
HVGNYVOUQOKFLU-UHFFFAOYSA-N	DRD2	929
RMDQSWIVOHIFNT-UHFFFAOYSA-N	DRD2	902
LQMGVAPMSDGCMH-UHFFFAOYSA-N	SC6A4	900
LQMGVAPMSDGCMH-UHFFFAOYSA-N	DRD2	900
MYQDIPJMQYEWIZ-UHFFFAOYSA-N	PK3CG	900
MYQDIPJMQYEWIZ-UHFFFAOYSA-N	PK3CB	900
MYQDIPJMQYEWIZ-UHFFFAOYSA-N	PK3CA	900
MYQDIPJMQYEWIZ-UHFFFAOYSA-N	PK3CD	900
HDWMKVHXWFNFQW-UHFFFAOYSA-N	CNR2	900
HDWMKVHXWFNFQW-UHFFFAOYSA-N	CNR1	966
KJCSYBCHDUDDQQ-UHFFFAOYSA-N	CNR2	900
ODSZGEXNKNBQIX-UHFFFAOYSA-N	CNR1	960
ODSZGEXNKNBQIX-UHFFFAOYSA-N	CNR2	900
GRWSWDKSCZKGSY-UHFFFAOYSA-N	CNR2	900
GRWSWDKSCZKGSY-UHFFFAOYSA-N	CNR1	966
VXMCESXCRDMCQJ-NSOVKSMOSA-N	DRD2	937
VXMCESXCRDMCQJ-NSOVKSMOSA-N	DRD3	937
HMLSZWJVJKHFQI-UHFFFAOYSA-N	CNR2	932
DQEHLNVSKKYQIF-HZQBMTOGSA-N	OPRK	916
DQEHLNVSKKYQIF-HZQBMTOGSA-N	OPRM	914
LJUZFYTVGWCCKX-UHFFFAOYSA-N	CATK	918
HCGIROBRNBTDFG-NRFANRHFSA-N	NK1R	900
HCGIROBRNBTDFG-NRFANRHFSA-N	NK3R	900
PMWUNOUYGKVOCC-UHFFFAOYSA-N	CAH12	900
PMWUNOUYGKVOCC-UHFFFAOYSA-N	CAH9	900
QRZINRLKWFDVJB-UHFFFAOYSA-N	CAH12	900
QRZINRLKWFDVJB-UHFFFAOYSA-N	CAH9	900
BMDMUFZZAIYXAL-PUHABZHSSA-N	OPRD	906
ZCWQRYIDBDJTGM-UHFFFAOYSA-N	5HT4R	951
PCCALFXKADAFFG-UHFFFAOYSA-N	AA3R	900
NXZGHFILRFRPJK-UHFFFAOYSA-N	AA3R	900
FSPHFYJVKIBWCA-UHFFFAOYSA-N	AA3R	900
MMLCOPCVUQJKKW-UHFFFAOYSA-N	AA3R	900
BWXMPQITWQKZFD-UHFFFAOYSA-N	AA3R	900
RHEXLHIHPNHWGB-UKILVPOCSA-N	ACHA7	900
STZQGKJXRVFJDJ-SIKLNZKXSA-N	ACHA7	900
NICTYBVLEDAXEJ-UHFFFAOYSA-N	CNR1	966
SLALSTOEQACNCW-GHTZIAJQSA-N	ACHA7	900
HTBCXNBZJPZOBH-FCHUYYIVSA-N	ACHA7	900
RWGCYZQZMFBNFU-PKOBYXMFSA-N	ACHA7	900
FBWSKBCXJHRWQC-OLDNPOFQSA-N	FURIN	900
FBWSKBCXJHRWQC-OLDNPOFQSA-N	H7BXT3	900
DYZQGMRMIGDHBE-YFWBWJTRSA-N	H7BXT3	900
ANBMWDXJKGAOJB-SDBIROSVSA-N	H7BXT3	900
ZCLDNSPFEQSCIU-YIAOTGBYSA-N	OPRM	957
ZCLDNSPFEQSCIU-YIAOTGBYSA-N	OPRD	972
ZCLDNSPFEQSCIU-YIAOTGBYSA-N	OPRK	946
HGWDEKWYGAVQDF-XMSMROCOSA-N	OPRK	951
HGWDEKWYGAVQDF-XMSMROCOSA-N	OPRM	951
VJJQYZRXRRIJIU-XELASAAXSA-N	OPRM	951
VJJQYZRXRRIJIU-XELASAAXSA-N	OPRK	951
JILUINOXHPIHFM-RDYFDFNXSA-N	OPRK	951
JILUINOXHPIHFM-RDYFDFNXSA-N	OPRM	951
XQHYYYJKKZCRGF-PWRWGUARSA-N	OPRM	962
XQHYYYJKKZCRGF-PWRWGUARSA-N	OPRK	953
GIUMMCXYLUQIND-UHFFFAOYSA-N	ACHA7	900
YFBLKKGWAFVLFT-PGRDOPGGSA-N	J3QK85	900
QOMZYLYCCSVVAE-UHFFFAOYSA-N	J3QK85	900
DEXLAAAKAUMETM-MNOVXSKESA-N	ACHA7	910
OHTDTNHLFFCQRH-UHFFFAOYSA-N	ACHA7	900
KZIAOAADZPTJQN-UHFFFAOYSA-N	GSK3B	900
QTEFJXCUKLUHBA-UHFFFAOYSA-N	V2R	966
COZCJUWJQAPZFH-RTBURBONSA-N	CATK	932
JVNRROFQJZEMSB-RTBURBONSA-N	CATK	932
QONCHQJAALKJOG-RTBURBONSA-N	CATK	932
GSQPHXFZLYFUQD-UHFFFAOYSA-N	CCR3	900
IPSKTHFDBLZHPS-VQJSHJPSSA-N	BCL2	900
FWNNLNVSDTXPTH-LDLOPFEMSA-N	BCL2	900
NCMQVOQOKBIHPA-MHRDGXECSA-N	GHSR	900
JETYTZFLVSGSDN-UHFFFAOYSA-N	CNR2	900
MJMOQWXPFHTRIE-UHFFFAOYSA-N	SGMR1	900
UZRLAHZXKNJMGI-UHFFFAOYSA-N	CAH2	900
UWTHLORRTAIPFF-UHFFFAOYSA-N	SGMR1	900
WJMAMTPJNQQNJJ-UHFFFAOYSA-N	5HT3A	932
HQPMEVMEMPHSDM-UHFFFAOYSA-N	PK3CB	900
HQPMEVMEMPHSDM-UHFFFAOYSA-N	PK3CA	900
HQPMEVMEMPHSDM-UHFFFAOYSA-N	PK3CD	900
HQPMEVMEMPHSDM-UHFFFAOYSA-N	PK3CG	900
NWFGLAPRAYASEM-UHFFFAOYSA-N	5HT1A	921
UTSKZBKTKROJBZ-UHFFFAOYSA-N	EDNRA	950
PFRLJDXQSSWCKN-WBHCNHBUSA-N	B2CL1	900
QIAZGASCMUSPIU-WBVITSLISA-N	B2CL1	900
REKBSQITSBYTGX-UHFFFAOYSA-N	CHLE	900
REKBSQITSBYTGX-UHFFFAOYSA-N	ACES	900
VLUZXILOPLVBGT-UHFFFAOYSA-N	5HT7R	900
VLUZXILOPLVBGT-UHFFFAOYSA-N	5HT1A	900
VLUZXILOPLVBGT-UHFFFAOYSA-N	DRD2	900
BJFLRBLSVACLLD-UHFFFAOYSA-N	5HT7R	900
BJFLRBLSVACLLD-UHFFFAOYSA-N	DRD2	900
ISKSUBAAYHUDJC-UHFFFAOYSA-N	5HT7R	900
FNXIHIMNVBDVAC-UHFFFAOYSA-N	DRD2	900
FNXIHIMNVBDVAC-UHFFFAOYSA-N	5HT7R	900
FNXIHIMNVBDVAC-UHFFFAOYSA-N	5HT1A	900
GYZVAIIQJIJBDO-UHFFFAOYSA-N	5HT7R	900
JDRDOXLSLNVJBH-IBGZPJMESA-N	OPRD	951
JDRDOXLSLNVJBH-IBGZPJMESA-N	OPRM	929
HLXZPGHNFUSVMT-SANMLTNESA-N	CCR3	900
VXNKJKLELURPEJ-RESCNRSOSA-N	CNR1	900
VXNKJKLELURPEJ-RESCNRSOSA-N	CNR2	964
DCAQOIFRIIZYDR-FYYUSBCQSA-N	CNR2	962
YXRXOBOTFASVBH-QLXIDDQXSA-N	CNR2	964
BBBUKQRTMPJLSL-ZTGSEVRWSA-N	DHI1	932
LHZLWJPJVCNYRD-BGPJRJNSSA-N	OPRD	951
ZCVWPWXNAXSJQF-AKEJJZJZSA-N	OPRD	951
WFSPNMHYOYCKEW-AKEJJZJZSA-N	OPRD	947
HZWMXNCZDNFHCX-RFCMRFBMSA-N	OPRD	951
DORYFYCTDHJKDW-MGURPGMTSA-N	GCR	966
RXKOONOMKQNYFS-IZZNHLLZSA-N	GCR	921
QYEGQBBNFVLNBH-UHFFFAOYSA-N	ACES	931
QYEGQBBNFVLNBH-UHFFFAOYSA-N	CHLE	920
KSFLJDVWZWUKRC-UHFFFAOYSA-N	CHLE	920
KGRWZINXJXJSOA-UHFFFAOYSA-N	CHLE	920
ZYEZHQVZVSWGMV-UHFFFAOYSA-N	CHLE	920
REXDQAIKTDDWAC-GOSISDBHSA-N	ADA1B	900
REXDQAIKTDDWAC-GOSISDBHSA-N	ADA1A	900
CPRZIJNONQTTAX-UHFFFAOYSA-N	AA1R	900
CPRZIJNONQTTAX-UHFFFAOYSA-N	AA3R	900
YCTKHPOLBBLXSW-HSZRJFAPSA-N	MC4R	900
BEBBFNSWULOPQQ-FCHUYYIVSA-N	CNR1	922
BEBBFNSWULOPQQ-FCHUYYIVSA-N	CNR2	932
LXEHXZLUSQKTJZ-UHFFFAOYSA-N	CAH12	900
IKNJHFAJDYZLNM-KRWDZBQOSA-N	CCR3	900
GLCIVEQBDOXJQU-UHFFFAOYSA-N	PK3CA	900
WVIZNXOUOCIGAS-UHFFFAOYSA-N	CNR2	900
WVIZNXOUOCIGAS-UHFFFAOYSA-N	CNR1	931
WRBAYSPOHKRSDZ-UHFFFAOYSA-N	CNR2	900
WRBAYSPOHKRSDZ-UHFFFAOYSA-N	CNR1	966
CUIQKJJPRAKRJM-UHFFFAOYSA-N	SGMR1	937
YLVMXWNZELVYJA-UHFFFAOYSA-N	CNR2	932
MPQQLIGMXDXMJD-MUUNZHRXSA-N	KCNH2	900
VJGIRYDSNADFMS-AKTFNXMJSA-N	OPRK	928
VJGIRYDSNADFMS-AKTFNXMJSA-N	OPRM	903
LIDGXLMPYMRQQO-QHCPKHFHSA-N	NK3R	900
LIDGXLMPYMRQQO-QHCPKHFHSA-N	NK1R	900
IHQPPKAEMPWTTE-CKRJSAQMSA-N	DRD3	926
WYAGXSPFPUDAGV-UHFFFAOYSA-N	CAH9	900
RZWIAMDYZKVZRN-UHFFFAOYSA-N	GRM1	951
FUAKKVJIUKYDQT-UHFFFAOYSA-N	5HT4R	914
YWPZJIRZKHAKDC-UHFFFAOYSA-N	AA3R	900
OWWOFJVMVLDYOC-LBPRGKRZSA-N	AA3R	900
OWWOFJVMVLDYOC-LBPRGKRZSA-N	AA2AR	918
FAFPLOBEBFMXSG-UHFFFAOYSA-N	AA3R	900
GQEOLUMOWCIBAE-UHFFFAOYSA-N	AA3R	900
YNVKFHIWFDRVNY-UHFFFAOYSA-N	OPRK	921
QURAQIGQNZYJHP-UHFFFAOYSA-N	OPRK	914
OIRQDWMLNIFQQH-AZUAARDMSA-N	ACHA7	900
CHIFDHZBNSYDBJ-UHFFFAOYSA-N	CNR1	912
FZKJYQKVIPMHPR-UHFFFAOYSA-N	CNR1	966
BYPKCJYWMOWYEI-SIKLNZKXSA-N	ACHA7	900
OMWGGOLZZXEWQY-JKSUJKDBSA-N	ACHA7	900
PMEDSYVIMDDMCR-UHFFFAOYSA-N	5HT4R	900
AGMOFKKOVMRGAK-UHFFFAOYSA-N	5HT4R	900
NTGLPRTZQVMCKO-NXBWRCJVSA-N	H7BXT3	900
CAIOFMMHDOJFQR-JJGWWSOQSA-N	TLR2	900
PQBYYZBQJKBZMS-UHFFFAOYSA-N	ACHA7	924
ZLLCEWCZDFPICU-VHSXEESVSA-N	ACHA7	924
LPWMDCCFNBHCFI-UHFFFAOYSA-N	V2R	962
HZIQPNCFUHPXEI-UHFFFAOYSA-N	V2R	915
BHGIBKQRMXLQED-UHFFFAOYSA-N	V2R	966
WWNQYNHRFUFYFD-BHIYHBOVSA-N	CATK	932
ZKSDUCXACMZPEQ-QZTJIDSGSA-N	CATK	932
AWZSYBDJTXIAFX-DIPNUNPCSA-N	BCL2	900
KTZZLEDQJJPACQ-DIPNUNPCSA-N	BCL2	900
KOTNWYCQGHEGPV-UHFFFAOYSA-N	SGMR1	900
QTQONWQMPDQYQI-UHFFFAOYSA-N	SGMR1	900
JIVRCGZMNKXPEB-UHFFFAOYSA-N	SGMR1	900
SBOBFPYNUQBMFN-UHFFFAOYSA-N	SGMR1	900
WZRGRJFCSUGMBM-UHFFFAOYSA-N	SGMR1	900
WHPYENGTZBLIKQ-UHFFFAOYSA-N	SGMR1	900
VDFLDQVKOMEZEL-UHFFFAOYSA-N	5HT3A	932
GRNWLULSBKLATH-UHFFFAOYSA-N	5HT6R	900
MJQFUPOXSCIJJC-UHFFFAOYSA-N	5HT6R	900
MBKXCEVYDOUJPV-UHFFFAOYSA-N	CAH9	900
MBKXCEVYDOUJPV-UHFFFAOYSA-N	CAH2	900
MBKXCEVYDOUJPV-UHFFFAOYSA-N	CAH12	900
CBJKZXKXUSTFHL-UHFFFAOYSA-N	EDNRA	950
MAUJQZKLXWDYGF-PJTUWWCRSA-N	B2CL1	900
ZGPMTEINYPKUKN-GOSISDBHSA-N	5HT7R	900
ZGPMTEINYPKUKN-GOSISDBHSA-N	DRD2	900
KGZLHIUAOKRDKJ-UHFFFAOYSA-N	5HT7R	900
KGZLHIUAOKRDKJ-UHFFFAOYSA-N	5HT1A	900
KGZLHIUAOKRDKJ-UHFFFAOYSA-N	DRD2	900
WPIIXBCOJALRHJ-UHFFFAOYSA-N	DRD2	900
WPIIXBCOJALRHJ-UHFFFAOYSA-N	5HT7R	900
WPIIXBCOJALRHJ-UHFFFAOYSA-N	5HT1A	900
GOLNRSNUPWOWEJ-UHFFFAOYSA-N	DRD2	900
GOLNRSNUPWOWEJ-UHFFFAOYSA-N	5HT1A	900
KGIDIAZLXYECSQ-NRFANRHFSA-N	OPRD	951
KGIDIAZLXYECSQ-NRFANRHFSA-N	OPRM	929
PDVXMTJMSOJRFG-UNMCSNQZSA-N	OPRM	931
YTDCVRAXKQUSGQ-MHFGADCHSA-N	OPRM	902
ACGXKOXXJWJWLJ-WUUXXMBLSA-N	OPRM	955
CWXOTCCLEKNUJY-VWLOTQADSA-N	CCR3	900
BATQCPTUBUKUDO-VWLOTQADSA-N	CCR3	900
IKAPWACUZUYQHQ-UHFFFAOYSA-N	HS90B	900
NLHWPLSOXWSZEM-UHFFFAOYSA-N	AA1R	951
YZNSJNQGGXJZLD-UHFFFAOYSA-N	CNR1	900
ZQSCPHDJBUPVLZ-UHFFFAOYSA-N	CNR2	900
ZQSCPHDJBUPVLZ-UHFFFAOYSA-N	CNR1	900
KTGFGPPGPOJURC-MGJZLRMMSA-N	CNR2	958
WYIWVXGKQYHCQT-HZFOSRTRSA-N	CNR2	960
WYIWVXGKQYHCQT-HZFOSRTRSA-N	CNR1	900
DZYLBHVHVUMDOC-HVQVANDDSA-N	CNR2	933
YHFYIWRVJLIUGZ-FYYUSBCQSA-N	CNR2	966
VCHACMCOZRCESE-ACSUYPHKSA-N	DHI1	927
RKXDQMHWZITBEE-ZYGMWPOSSA-N	OPRM	951
LDIKVNSDGDZXPY-BGPJRJNSSA-N	OPRD	951
HZSFPQYWNLRPTE-AKEJJZJZSA-N	OPRD	951
WNXYQJTYRFWWBW-AKEJJZJZSA-N	OPRD	951
YQXGFXQVFDBNAW-AKEJJZJZSA-N	OPRD	951
XMOSBLJPEBOIEB-UHFFFAOYSA-N	CHLE	920
PJRLIZPQYQHGHE-UHFFFAOYSA-N	CHLE	920
YNMJBNMTGPFCKD-UHFFFAOYSA-N	CHLE	920
HTFBKDDAHNIJIM-UHFFFAOYSA-N	CHLE	920
YIYFILGSLZRBRB-UHFFFAOYSA-N	OPRK	945
YIYFILGSLZRBRB-UHFFFAOYSA-N	OPRD	900
YIYFILGSLZRBRB-UHFFFAOYSA-N	OPRM	966
QHRQNVHQRRXWNL-DNQXCXABSA-N	NPFF1	900
QHRQNVHQRRXWNL-DNQXCXABSA-N	NPFF2	900
PLYQWXWXIUOYQJ-UHFFFAOYSA-N	DRD2	929
ZEXVYCCERKFSCL-UHFFFAOYSA-N	SC6A4	900
ZEXVYCCERKFSCL-UHFFFAOYSA-N	DRD2	900
SJIZZMHCOVMIHM-UHFFFAOYSA-N	SC6A4	926
SJIZZMHCOVMIHM-UHFFFAOYSA-N	DRD2	900
ZANRJYMOJHGSLE-UHFFFAOYSA-N	PK3CA	900
QNTWFBRDSGVBHE-UHFFFAOYSA-N	PK3CA	900
UOKFJJUVHMPGSE-UHFFFAOYSA-N	CNR1	966
UOKFJJUVHMPGSE-UHFFFAOYSA-N	CNR2	900
ZCBYQTFHEPGBRZ-UHFFFAOYSA-N	CNR1	926
ZCBYQTFHEPGBRZ-UHFFFAOYSA-N	CNR2	900
LULUPYXXDWTNNO-UHFFFAOYSA-N	SC6A2	965
RRBNCHNWWUXYEM-UHFFFAOYSA-N	SGMR1	929
AZPPDHHCSSDRFN-UHFFFAOYSA-N	CNR2	932
MWFWGBCEXJTOQK-UHFFFAOYSA-N	CNR2	932
QTQGYSVCGUESKY-LSJMZEFISA-N	OPRM	938
RLOWKBDVAAZKDU-VHEHZTHKSA-N	OPRM	903
RLOWKBDVAAZKDU-VHEHZTHKSA-N	OPRK	935
SBGUFZDXDXYRRU-IDPZRHLESA-N	DRD3	939
PJGAJJXOHFAPKE-UHFFFAOYSA-N	CAH12	900
LFUXXORPCPSVPB-NFGXINMFSA-N	OPRD	906
GGQFEMQQQLOYIH-UHFFFAOYSA-N	5HT4R	900
HRFCOULEPPNWST-UHFFFAOYSA-N	AA3R	900
NNXMGTRINHPQFM-UHFFFAOYSA-N	AA3R	900
SDERQNAMIWOFFX-UHFFFAOYSA-N	OPRK	914
OZQOPTUHOUIUGL-UHFFFAOYSA-N	CNR1	966
XQBGHGICHOVVTE-UHFFFAOYSA-N	CNR1	966
JDJNTSQEVVKDDF-UHFFFAOYSA-N	CNR1	966
SEEDHMYNYINGPE-JTHBVZDNSA-N	ACHA7	900
PZPSERSCCGRYEF-ZWKOTPCHSA-N	ACHA7	900
DEEMEUSWISNMSM-GHTZIAJQSA-N	ACHA7	900
LXRZGNKCLQFJJB-MGONOCMRSA-N	OPRD	961
LXRZGNKCLQFJJB-MGONOCMRSA-N	OPRK	971
LXRZGNKCLQFJJB-MGONOCMRSA-N	OPRM	973
USXPLJHDDIAHAJ-UHFFFAOYSA-N	5HT4R	900
JMTLZAXUTRWYOQ-QODBOBSJSA-N	OPRK	946
JMTLZAXUTRWYOQ-QODBOBSJSA-N	OPRM	962
DMDHFLXQSOBORU-UHFFFAOYSA-N	ACHA7	900
REZZIDFNLUGTTL-KZUDCZAMSA-N	J3QK85	900
IENQHTKISQTRDU-XGTKUTNFSA-N	OPRK	948
IENQHTKISQTRDU-XGTKUTNFSA-N	OPRM	962
DVAUCZYGVGVZMO-UHFFFAOYSA-N	J3QK85	900
XMQRMHFGZZHFOU-UHFFFAOYSA-N	V2R	966
OYOOBXUEPDUQJL-UHFFFAOYSA-N	BCL2	900
MWYHHIIMXQLLQG-RRHRGVEJSA-N	BCL2	900
WHJIAAIKDYFQQA-UHFFFAOYSA-N	SGMR1	900
MAKSTWQPSPFHFW-UHFFFAOYSA-N	SGMR1	900
IHEFGTLEIXEYCG-UHFFFAOYSA-N	5HT6R	900
HNOJMKKDNZJMSI-UHFFFAOYSA-N	5HT6R	900
GLYCYIJDJBGWSR-UHFFFAOYSA-N	5HT6R	900
SUBUSLSTRVSPPW-HUUCEWRRSA-N	CATK	932
WMHMRZFMWZZEED-UHFFFAOYSA-N	DRD4	900
WMHMRZFMWZZEED-UHFFFAOYSA-N	5HT1A	946
JKIXFZUVTUJPHM-UHFFFAOYSA-N	CHLE	900
JKIXFZUVTUJPHM-UHFFFAOYSA-N	ACES	900
QHVDRXNWAMTCNP-UHFFFAOYSA-N	DRD2	900
QHVDRXNWAMTCNP-UHFFFAOYSA-N	5HT7R	900
QHVDRXNWAMTCNP-UHFFFAOYSA-N	5HT1A	900
AJRQMVCEFKRUBB-UHFFFAOYSA-N	DRD2	900
AJRQMVCEFKRUBB-UHFFFAOYSA-N	5HT7R	900
BQDBCWZXPYWQGM-UHFFFAOYSA-N	5HT7R	900
BQDBCWZXPYWQGM-UHFFFAOYSA-N	DRD2	900
WIMXOLDVKJDYQI-UHFFFAOYSA-N	DRD2	900
WIMXOLDVKJDYQI-UHFFFAOYSA-N	5HT7R	900
WIMXOLDVKJDYQI-UHFFFAOYSA-N	5HT1A	900
XXFLXJPMJOKKNB-LVXARBLLSA-N	OPRM	921
VLUYCVQWTQUWPI-UHFFFAOYSA-N	CCR3	900
CCXXDPNVVABEGJ-UHFFFAOYSA-N	CCR3	900
DDQOEMYBPDHODL-UHFFFAOYSA-N	HS90B	900
YLIBYDKWVPKMKX-OCESARCHSA-N	CATD	900
XILUNHGLVJVDGW-UHFFFAOYSA-N	5HT7R	900
IECDJRLGTAPRLT-BTQNPOSSSA-N	ADA1B	944
IECDJRLGTAPRLT-BTQNPOSSSA-N	5HT1A	951
IECDJRLGTAPRLT-BTQNPOSSSA-N	ADA1D	966
IECDJRLGTAPRLT-BTQNPOSSSA-N	ADA1A	950
GVRGHSATAUDCBX-UHFFFAOYSA-N	CNR2	938
GVRGHSATAUDCBX-UHFFFAOYSA-N	CNR1	900
SDZZJJQUJLEACD-UHFFFAOYSA-N	CNR2	932
SDZZJJQUJLEACD-UHFFFAOYSA-N	CNR1	900
VVTHOFKODCZWHN-HZFOSRTRSA-N	CNR1	900
VVTHOFKODCZWHN-HZFOSRTRSA-N	CNR2	966
ZFRFZWWSLWYYAE-SFKVQSMJSA-N	CNR2	962
ZFRFZWWSLWYYAE-SFKVQSMJSA-N	CNR1	900
LEJQKYQWCJOEBD-QLXIDDQXSA-N	CNR2	966
BIJGCEOIVVAQBS-SFHVURJKSA-N	BACE1	900
OMHADMUYXNIWKC-RFCMRFBMSA-N	OPRD	951
VAIXRGBIBJDQOR-AKEJJZJZSA-N	OPRD	951
MTTMESFCDRUDDX-AKEJJZJZSA-N	OPRD	951
RZBPSXCZVILRNE-MRXNPFEDSA-N	ADA1A	900
DJNWXEYVXXAHII-UHFFFAOYSA-N	SC6A4	911
DJNWXEYVXXAHII-UHFFFAOYSA-N	5HT1A	909
SKZALCXJWOZPOG-UHFFFAOYSA-N	5HT1A	922
JQXXHWHPUNPDRT-WLSIYKJHSA-O	NR1I2	900
MXWDLLUGULWYIQ-BFRWRHKQSA-N	KCNN2	937
BJRCFZKVYNDCJE-WBSNEMHCSA-N	RXFP1	906
TWSALRJGPBVBQU-PKQQPRCHSA-N	GLP2R	962
TWSALRJGPBVBQU-PKQQPRCHSA-N	GLP1R	945
YWMSMVNZMJXUKI-KTXUZGJCSA-N	GRM1	951
TXZPMHLMPKIUGK-UHFFFAOYSA-N	BRD4	900
UJDYUOWUTALBPP-VWLOTQADSA-N	CCR3	900
QIUVHPATBGGVRR-SANMLTNESA-N	CCR3	900
QLGIWKYNMSCERQ-SANMLTNESA-N	CCR3	900
VOPUEJLKUSXAOZ-VWLOTQADSA-N	CCR3	900
CGPUMTTUBWGRHT-SANMLTNESA-N	CCR3	900
MANRLQSCJCTMOZ-VWLOTQADSA-N	CCR3	900
VNYAKKUPVDUAEG-SANMLTNESA-N	CCR3	900
YFTFPJHCROIDGR-VWLOTQADSA-N	CCR3	900
IUIGATKKQCOBAF-VWLOTQADSA-N	CCR3	900
MQYHCTJCBXXBCX-UHFFFAOYSA-N	J3KN87	900
FYDDTVMINURRAI-IRYUZJHDSA-N	AA3R	900
UVEUCGSHWPPLCD-UHFFFAOYSA-N	GRM5	902
AFBPMPLJMLNEHH-UHFFFAOYSA-N	GRM5	902
GVFZKOCFOOBUQV-IAGOWNOFSA-N	CATK	928
OCZGACDAHZKCBW-UHFFFAOYSA-N	ACES	968
OCZGACDAHZKCBW-UHFFFAOYSA-N	CHLE	948
IYSMJBGHLSXASL-QOQGVKGKSA-N	OPRM	900
PPUPWUDKXPTAMV-CHWSQXEVSA-N	SC6A3	966
AOZXJJNAVCJQGU-CWAQXLGLSA-N	5HT4R	924
YMDBBLFIVFJZRB-QILAJZQNSA-N	5HT4R	924
CSCMUIFPCMLUMA-QYCNBFTHSA-A	HPSE	900
BZQHFABDJBRUMK-UHFFFAOYSA-N	AGTR1	908
BZQHFABDJBRUMK-UHFFFAOYSA-N	EDNRA	932
PDVOEHGCFMJVQS-UHFFFAOYSA-N	EDNRA	932
PDVOEHGCFMJVQS-UHFFFAOYSA-N	AGTR1	901
AQCPQLJDKUENRK-UHFFFAOYSA-N	GHSR	900
NWVLCTCAXNVSRC-UHFFFAOYSA-N	CAH12	900
NWVLCTCAXNVSRC-UHFFFAOYSA-N	CAH9	900
SNZSCSKYUIOHAI-UHFFFAOYSA-N	CAH12	900
SNZSCSKYUIOHAI-UHFFFAOYSA-N	CAH9	900
TVOOLZYASKFLSY-UHFFFAOYSA-N	CAH12	900
TVOOLZYASKFLSY-UHFFFAOYSA-N	CAH9	900
QGHXALKJWBYFLA-UHFFFAOYSA-N	CAH9	900
QGHXALKJWBYFLA-UHFFFAOYSA-N	CAH12	900
DHDWGNGZXIUYFA-UHFFFAOYSA-N	CAH12	900
DHDWGNGZXIUYFA-UHFFFAOYSA-N	CAH9	900
YDGDTYXPQJTSNL-UHFFFAOYSA-N	CAH12	900
YDGDTYXPQJTSNL-UHFFFAOYSA-N	CAH9	900
QEZZEWBRAXYKME-UHFFFAOYSA-N	CAH9	900
QEZZEWBRAXYKME-UHFFFAOYSA-N	CAH12	900
GFTIIZOQGNWJOS-UHFFFAOYSA-N	CAH12	900
GFTIIZOQGNWJOS-UHFFFAOYSA-N	CAH9	900
LORHFJNUVYGRQK-UHFFFAOYSA-N	HRH4	925
HAEAFUWYKFBAEF-UHFFFAOYSA-N	HRH4	900
HOOCMNRLRVFFQN-UHFFFAOYSA-N	HRH4	966
KESRBXDCEOJTMO-UHFFFAOYSA-N	HYES	932
XWZKPTHOGJKRDY-UHFFFAOYSA-N	HRH3	900
MXIKBLWWYRRRQW-UHFFFAOYSA-N	DRD2	922
MXIKBLWWYRRRQW-UHFFFAOYSA-N	DRD3	922
SDAAIGICWIKWHM-TZDXYYDNSA-N	GCR	932
NEPZSVKZUQUWAH-GVRKOPHQSA-N	GCR	932
JWYPYYYWTOWHTP-UHFFFAOYSA-N	CHLE	912
JJXMAMRNQTUEMS-UHFFFAOYSA-N	CNR2	900
MCKCMNMEXZQLEV-UHFFFAOYSA-N	BKRB1	900
APWJYBHZNGCNDH-UHFFFAOYSA-N	NPY5R	900
SDUSZIZNEWLDTB-GHVWTTSJSA-N	AA3R	900
XJBGUZYJXHUHPS-HLXQIYJLSA-N	AA1R	936
YONPJDMKUJXYMO-MNGNJOOVSA-N	AA1R	934
YONPJDMKUJXYMO-MNGNJOOVSA-N	AA3R	900
KEAYIRRJYLOFDN-MNGNJOOVSA-N	AA1R	921
KEAYIRRJYLOFDN-MNGNJOOVSA-N	AA3R	900
KDTJORYHBNCAEH-UHFFFAOYSA-N	5HT3A	948
UWETWGXCCNYAAH-UHFFFAOYSA-N	NPY5R	900
MDFWPYZNXYAWAK-UHFFFAOYSA-N	MCHR1	900
SLQFWOWSHUCVKQ-UHFFFAOYSA-L	CAH4	920
ZLBANYBSLCWBMC-MFVLPEOLSA-N	AA3R	900
LVHUZRZGIPPLFO-UHFFFAOYSA-N	GRM5	902
MTBVFNCLKSREOT-UHFFFAOYSA-N	GRM5	902
KGYFYWOINIACPZ-REPIYIIUSA-N	5HT4R	900
BUZNVPUKPLGXLL-FXSDRFNOSA-N	5HT4R	900
VSLVCMQLWKKHKL-HZPDHXFCSA-N	CATK	932
RQNZWLFUMKUSEY-UHFFFAOYSA-N	CHLE	935
RQNZWLFUMKUSEY-UHFFFAOYSA-N	ACES	908
NMJRJERMCYKMED-UHFFFAOYSA-N	AGTR1	967
HXCBWOVPCXIWGK-UHFFFAOYSA-N	CNR1	900
MPPJMMCYRBGWRT-UHFFFAOYSA-N	CNR1	900
CCCSWRIKNOQGJG-GDLZYMKVSA-N	CALRL	900
VOPUYPPXVMIQOA-VGPBXHGJSA-N	5HT4R	924
QGSWJFKEWYYDIG-UHFFFAOYSA-N	EDNRA	932
QGSWJFKEWYYDIG-UHFFFAOYSA-N	AGTR1	901
YKXROLRWINCJGF-UHFFFAOYSA-N	AGTR1	906
YKXROLRWINCJGF-UHFFFAOYSA-N	EDNRA	932
MCGCJFJGNKEDPW-UHFFFAOYSA-N	EDNRA	925
SACVGFNKAAPQIB-UHFFFAOYSA-N	PK3CA	900
SACVGFNKAAPQIB-UHFFFAOYSA-N	PK3CD	900
DCLQMFDFJZLAQH-UHFFFAOYSA-N	GHSR	900
RFHKLBUHNHHKDG-UHFFFAOYSA-N	GHSR	900
JHMZUJGRFILZST-UHFFFAOYSA-N	CAH12	900
JHMZUJGRFILZST-UHFFFAOYSA-N	CAH9	900
LEHVPTZHETYTTO-UHFFFAOYSA-N	CAH12	900
LEHVPTZHETYTTO-UHFFFAOYSA-N	CAH9	900
KUYFPYCHAOODFB-UHFFFAOYSA-N	CAH12	900
LUQXIYMXRZWQOJ-UHFFFAOYSA-N	CAH12	900
LUQXIYMXRZWQOJ-UHFFFAOYSA-N	CAH9	900
XHTGRFBIHWSAHX-UHFFFAOYSA-N	CAH12	900
XHTGRFBIHWSAHX-UHFFFAOYSA-N	CAH9	900
MAGUIELWXKJUGH-XYDZEHMXSA-N	ESR1	900
ZFZLHYPZAVUPQB-YPAQTTOGSA-N	ESR1	900
SQQXWXMRLOVGSM-UHFFFAOYSA-N	HYES	948
JKXNSDPOYNVZSD-UHFFFAOYSA-N	HYES	932
DCNFHFUYIZSKEP-UHFFFAOYSA-N	HYES	932
WKJCIXHKTZXDED-UHFFFAOYSA-N	HRH3	900
UWKLENCDKKIQFX-UHFFFAOYSA-N	HRH3	900
NXQBRORDMXGPPG-UHFFFAOYSA-N	5HT1A	900
NXQBRORDMXGPPG-UHFFFAOYSA-N	DRD2	900
ZKFSEJHRACMHEP-UHFFFAOYSA-N	5HT1A	900
KHZXHSDJSMNYBO-UHFFFAOYSA-N	5HT1A	900
CKLPMHPQYVCYLL-UHFFFAOYSA-N	5HT1A	900
YSBQONTVTTYPQN-UHFFFAOYSA-N	DRD2	951
YSBQONTVTTYPQN-UHFFFAOYSA-N	DRD3	951
KBDDMDHJOCKTJB-UHFFFAOYSA-N	CNR1	934
LWJXGNZUXMJONG-UHFFFAOYSA-N	CCR4	900
QKBWBRTYZJANQL-UHFFFAOYSA-N	BKRB1	900
YNBLMNMHRYWGHL-UHFFFAOYSA-N	CNR1	900
YNBLMNMHRYWGHL-UHFFFAOYSA-N	CNR2	900
CTFOQGZLZBBNRY-UHFFFAOYSA-N	CNR1	900
CTFOQGZLZBBNRY-UHFFFAOYSA-N	CNR2	900
OBDRKUNUNOFFRG-UHFFFAOYSA-N	CNR1	900
OBDRKUNUNOFFRG-UHFFFAOYSA-N	CNR2	900
HGYRICRWNWOJQS-UHFFFAOYSA-N	NPY5R	900
ONWVQLLVRFYZGD-UHFFFAOYSA-N	NPY5R	900
HIEILZARBRLACF-UHFFFAOYSA-N	NPY5R	900
DRZHVGVGAVRTRM-UHFFFAOYSA-N	NPY5R	900
WHHPDBPYNFCXEZ-UHFFFAOYSA-N	NPY5R	900
AQEVNHBIMHWEKH-LUTUWXHWSA-N	AA3R	900
GILNYWJBQPUMRB-UHFFFAOYSA-N	5HT3A	920
BMBOCACXLYBILE-RBGFHWGBSA-N	AA3R	900
OIFRMGWBMAWZFZ-UHFFFAOYSA-N	PK3CG	900
NEWCBLDMKSRBBC-WOJBJXKFSA-N	CATK	932
QVMBVVATXDOAND-ZIAGYGMSSA-N	CATK	932
YVSGFEGOSAGMBU-UHFFFAOYSA-N	ACES	939
WAHZPCIDZNITMT-UHFFFAOYSA-N	ACES	969
WAHZPCIDZNITMT-UHFFFAOYSA-N	CHLE	953
LCJXIGPIXIZELV-UHFFFAOYSA-N	CHLE	953
LCJXIGPIXIZELV-UHFFFAOYSA-N	ACES	968
IAJVLEUGAMKKGM-UHFFFAOYSA-N	OPRX	900
YLFOKDQDWWSPHW-UHFFFAOYSA-N	SYUA	900
BAXLEFIQPNPUNQ-UHFFFAOYSA-N	CNR1	900
XELUVDAHPJBHOS-UHFFFAOYSA-N	CNR1	900
NEOVVLWTAJNEGT-UHFFFAOYSA-N	AGTR1	901
NEOVVLWTAJNEGT-UHFFFAOYSA-N	EDNRA	932
STFHTGMPYZSCNN-UHFFFAOYSA-N	GHSR	900
BNLUKHOWAIVTJO-UHFFFAOYSA-N	GHSR	900
IAZASEBIEQOFAV-UHFFFAOYSA-N	GHSR	900
RPNOCIVCNSJCFZ-UHFFFAOYSA-N	CAH12	900
RPNOCIVCNSJCFZ-UHFFFAOYSA-N	CAH9	900
HDMSKTALDJMCHU-UHFFFAOYSA-N	CAH12	900
HDMSKTALDJMCHU-UHFFFAOYSA-N	CAH9	900
XIWDINBVTQFNPR-UHFFFAOYSA-N	CAH12	900
XIWDINBVTQFNPR-UHFFFAOYSA-N	CAH9	900
GBCLVBGBUWXYHU-UHFFFAOYSA-N	CAH9	900
GBCLVBGBUWXYHU-UHFFFAOYSA-N	CAH12	900
JQNKTKMEJUJUJM-UHFFFAOYSA-N	CAH12	900
JQNKTKMEJUJUJM-UHFFFAOYSA-N	CAH9	900
AIRAKQOXEIFHQE-UHFFFAOYSA-N	CAH12	900
AIRAKQOXEIFHQE-UHFFFAOYSA-N	CAH9	900
KCPLKDIULNNYHQ-UHFFFAOYSA-N	CAH12	900
KCPLKDIULNNYHQ-UHFFFAOYSA-N	CAH9	900
NUXDIUJRAZEEGP-UHFFFAOYSA-N	CAH12	900
NUXDIUJRAZEEGP-UHFFFAOYSA-N	CAH9	900
KLOKMUJUEXOUDA-UHFFFAOYSA-N	HRH4	900
OVBHTJIYFFOHIM-UHFFFAOYSA-N	HRH4	925
PVKRXEQHNSCYHU-UHFFFAOYSA-N	PIM1	900
WOWHTGZSYYPCMC-UHFFFAOYSA-N	HYES	901
UKTPIKKOBBTSDN-UHFFFAOYSA-N	DRD3	951
FJYKKDSINJTGDP-UHFFFAOYSA-N	BKRB1	900
SWJSEWUYQWCNLL-UHFFFAOYSA-N	BKRB1	900
CSNVKOLUWSVDLX-UHFFFAOYSA-N	CNR2	900
CSNVKOLUWSVDLX-UHFFFAOYSA-N	CNR1	900
JCMNPSBWOAUGMX-MBPVOVBZSA-N	OPRM	951
JCMNPSBWOAUGMX-MBPVOVBZSA-N	OPRD	951
JCMNPSBWOAUGMX-MBPVOVBZSA-N	OPRK	951
FDYFRFFIRKUZRA-HMXZAHMDSA-N	OPRD	951
OIPILFWXSMYKGL-UHFFFAOYSA-N	CLAT	973
OIPILFWXSMYKGL-UHFFFAOYSA-N	PLCB1	922
OIPILFWXSMYKGL-UHFFFAOYSA-N	CIDEB	900
OIPILFWXSMYKGL-UHFFFAOYSA-N	NPY5R	900
OIPILFWXSMYKGL-UHFFFAOYSA-N	CCR6	900
OIPILFWXSMYKGL-UHFFFAOYSA-N	FPR3	900
OIPILFWXSMYKGL-UHFFFAOYSA-N	UTS2B	900
OIPILFWXSMYKGL-UHFFFAOYSA-N	GNAI1	907
OIPILFWXSMYKGL-UHFFFAOYSA-N	ADCY2	987
OIPILFWXSMYKGL-UHFFFAOYSA-N	HRH3	929
OIPILFWXSMYKGL-UHFFFAOYSA-N	C5AR1	900
OIPILFWXSMYKGL-UHFFFAOYSA-N	OX26	900
OIPILFWXSMYKGL-UHFFFAOYSA-N	GPR18	900
OIPILFWXSMYKGL-UHFFFAOYSA-N	LPAR6	900
OIPILFWXSMYKGL-UHFFFAOYSA-N	B1AK19	900
OIPILFWXSMYKGL-UHFFFAOYSA-N	CCR3	900
OIPILFWXSMYKGL-UHFFFAOYSA-N	S1PR3	920
OIPILFWXSMYKGL-UHFFFAOYSA-N	SSR2	908
OIPILFWXSMYKGL-UHFFFAOYSA-N	NPSR1	900
OIPILFWXSMYKGL-UHFFFAOYSA-N	LPAR1	900
OIPILFWXSMYKGL-UHFFFAOYSA-N	CCL20	900
OIPILFWXSMYKGL-UHFFFAOYSA-N	PYY	917
OIPILFWXSMYKGL-UHFFFAOYSA-N	ANGT	909
OIPILFWXSMYKGL-UHFFFAOYSA-N	CCL28	900
OIPILFWXSMYKGL-UHFFFAOYSA-N	NPY1R	900
OIPILFWXSMYKGL-UHFFFAOYSA-N	GNRR2	900
OIPILFWXSMYKGL-UHFFFAOYSA-N	DRD2	926
OIPILFWXSMYKGL-UHFFFAOYSA-N	CXCL9	900
OIPILFWXSMYKGL-UHFFFAOYSA-N	RGS7	918
OIPILFWXSMYKGL-UHFFFAOYSA-N	RGS18	900
OIPILFWXSMYKGL-UHFFFAOYSA-N	V1BR	900
OIPILFWXSMYKGL-UHFFFAOYSA-N	RGS1	904
OIPILFWXSMYKGL-UHFFFAOYSA-N	KISS1	900
OIPILFWXSMYKGL-UHFFFAOYSA-N	RL3R2	900
OIPILFWXSMYKGL-UHFFFAOYSA-N	PGH2	905
OIPILFWXSMYKGL-UHFFFAOYSA-N	XCL1	900
OIPILFWXSMYKGL-UHFFFAOYSA-N	XCL2	900
OIPILFWXSMYKGL-UHFFFAOYSA-N	LPAR3	900
OIPILFWXSMYKGL-UHFFFAOYSA-N	NPBW2	900
OIPILFWXSMYKGL-UHFFFAOYSA-N	RGS10	900
OIPILFWXSMYKGL-UHFFFAOYSA-N	AA3R	909
OIPILFWXSMYKGL-UHFFFAOYSA-N	CNR1	923
OIPILFWXSMYKGL-UHFFFAOYSA-N	NTR1	905
OIPILFWXSMYKGL-UHFFFAOYSA-N	5HT1B	900
OIPILFWXSMYKGL-UHFFFAOYSA-N	GNAI3	907
OIPILFWXSMYKGL-UHFFFAOYSA-N	ACHA4	988
OIPILFWXSMYKGL-UHFFFAOYSA-N	TMM53	900
OIPILFWXSMYKGL-UHFFFAOYSA-N	OX2R	906
OIPILFWXSMYKGL-UHFFFAOYSA-N	PF2R	900
OIPILFWXSMYKGL-UHFFFAOYSA-N	CTL5	900
OIPILFWXSMYKGL-UHFFFAOYSA-N	OPN4	905
OIPILFWXSMYKGL-UHFFFAOYSA-N	AGTR2	911
OIPILFWXSMYKGL-UHFFFAOYSA-N	EDN2	900
OIPILFWXSMYKGL-UHFFFAOYSA-N	NK2R	923
OIPILFWXSMYKGL-UHFFFAOYSA-N	CLTR1	900
OIPILFWXSMYKGL-UHFFFAOYSA-N	OX1R	905
OIPILFWXSMYKGL-UHFFFAOYSA-N	P2RY4	900
OIPILFWXSMYKGL-UHFFFAOYSA-N	NPY4R	900
OIPILFWXSMYKGL-UHFFFAOYSA-N	VACHT	972
OIPILFWXSMYKGL-UHFFFAOYSA-N	CNR2	900
OIPILFWXSMYKGL-UHFFFAOYSA-N	NMS	900
OIPILFWXSMYKGL-UHFFFAOYSA-N	CTL1	936
OIPILFWXSMYKGL-UHFFFAOYSA-N	GNA14	900
OIPILFWXSMYKGL-UHFFFAOYSA-N	TA2R	917
OIPILFWXSMYKGL-UHFFFAOYSA-N	GLUC	984
OIPILFWXSMYKGL-UHFFFAOYSA-N	GRK5	906
OIPILFWXSMYKGL-UHFFFAOYSA-N	5HT2A	923
OIPILFWXSMYKGL-UHFFFAOYSA-N	GBB1	910
OIPILFWXSMYKGL-UHFFFAOYSA-N	OXER1	900
OIPILFWXSMYKGL-UHFFFAOYSA-N	ADA1D	910
OIPILFWXSMYKGL-UHFFFAOYSA-N	EDN1	943
OIPILFWXSMYKGL-UHFFFAOYSA-N	ADA1A	900
OIPILFWXSMYKGL-UHFFFAOYSA-N	NEU2	984
OIPILFWXSMYKGL-UHFFFAOYSA-N	GRPR	900
OIPILFWXSMYKGL-UHFFFAOYSA-N	GPR55	900
OIPILFWXSMYKGL-UHFFFAOYSA-N	TY3H	970
OIPILFWXSMYKGL-UHFFFAOYSA-N	DRD3	911
OIPILFWXSMYKGL-UHFFFAOYSA-N	CCL25	900
OIPILFWXSMYKGL-UHFFFAOYSA-N	HCAR2	900
OIPILFWXSMYKGL-UHFFFAOYSA-N	ADA2B	907
OIPILFWXSMYKGL-UHFFFAOYSA-N	NMB	900
OIPILFWXSMYKGL-UHFFFAOYSA-N	GROA	900
OIPILFWXSMYKGL-UHFFFAOYSA-N	NPS	955
OIPILFWXSMYKGL-UHFFFAOYSA-N	LPAR2	900
OIPILFWXSMYKGL-UHFFFAOYSA-N	GLR	905
OIPILFWXSMYKGL-UHFFFAOYSA-N	RGS6	922
OIPILFWXSMYKGL-UHFFFAOYSA-N	ADA2C	907
OIPILFWXSMYKGL-UHFFFAOYSA-N	RGS14	900
OIPILFWXSMYKGL-UHFFFAOYSA-N	RGS4	915
OIPILFWXSMYKGL-UHFFFAOYSA-N	OPRM	915
OIPILFWXSMYKGL-UHFFFAOYSA-N	ACM4	990
OIPILFWXSMYKGL-UHFFFAOYSA-N	NOTC4	900
OIPILFWXSMYKGL-UHFFFAOYSA-N	PHOP1	900
OIPILFWXSMYKGL-UHFFFAOYSA-N	ADCY5	900
OIPILFWXSMYKGL-UHFFFAOYSA-N	IEX1	900
CSCPPACGZOOCGX-UHFFFAOYSA-N	CP2E1	984
CSCPPACGZOOCGX-UHFFFAOYSA-N	ALDR	908
CSCPPACGZOOCGX-UHFFFAOYSA-N	ADH1B	900
CSCPPACGZOOCGX-UHFFFAOYSA-N	CP2S1	900
CSCPPACGZOOCGX-UHFFFAOYSA-N	CP2U1	900
CSCPPACGZOOCGX-UHFFFAOYSA-N	AK1BA	900
CSCPPACGZOOCGX-UHFFFAOYSA-N	CP4X1	900
CSCPPACGZOOCGX-UHFFFAOYSA-N	HMGCL	900
DLFVBJFMPXGRIB-UHFFFAOYSA-N	ARY1	900
DLFVBJFMPXGRIB-UHFFFAOYSA-N	SUMF1	900
DLFVBJFMPXGRIB-UHFFFAOYSA-N	GSHR	900
DLFVBJFMPXGRIB-UHFFFAOYSA-N	KAT6A	900
DLFVBJFMPXGRIB-UHFFFAOYSA-N	HAT1	900
IKHGUXGNUITLKF-UHFFFAOYSA-N	TLL1	900
IKHGUXGNUITLKF-UHFFFAOYSA-N	ESR1	900
IKHGUXGNUITLKF-UHFFFAOYSA-N	ADH7	974
IKHGUXGNUITLKF-UHFFFAOYSA-N	ADH1A	974
IKHGUXGNUITLKF-UHFFFAOYSA-N	SUN2	900
IKHGUXGNUITLKF-UHFFFAOYSA-N	GRAH	900
IKHGUXGNUITLKF-UHFFFAOYSA-N	GRAB	900
IKHGUXGNUITLKF-UHFFFAOYSA-N	LSHB	900
IKHGUXGNUITLKF-UHFFFAOYSA-N	FCGRN	900
IKHGUXGNUITLKF-UHFFFAOYSA-N	PAI1	900
IKHGUXGNUITLKF-UHFFFAOYSA-N	AL3A1	951
IKHGUXGNUITLKF-UHFFFAOYSA-N	NCK2	900
IKHGUXGNUITLKF-UHFFFAOYSA-N	CATA	941
IKHGUXGNUITLKF-UHFFFAOYSA-N	CO3	900
IKHGUXGNUITLKF-UHFFFAOYSA-N	TRAF2	900
IKHGUXGNUITLKF-UHFFFAOYSA-N	HBA	900
IKHGUXGNUITLKF-UHFFFAOYSA-N	TS101	900
IKHGUXGNUITLKF-UHFFFAOYSA-N	CP2E1	992
IKHGUXGNUITLKF-UHFFFAOYSA-N	HBAZ	900
IKHGUXGNUITLKF-UHFFFAOYSA-N	AL3B2	915
IKHGUXGNUITLKF-UHFFFAOYSA-N	FOLH1	900
IKHGUXGNUITLKF-UHFFFAOYSA-N	LRP6	900
IKHGUXGNUITLKF-UHFFFAOYSA-N	ALDH2	985
IKHGUXGNUITLKF-UHFFFAOYSA-N	HEPS	900
IKHGUXGNUITLKF-UHFFFAOYSA-N	GRAM	900
IKHGUXGNUITLKF-UHFFFAOYSA-N	COLI	900
IKHGUXGNUITLKF-UHFFFAOYSA-N	CASP6	900
IKHGUXGNUITLKF-UHFFFAOYSA-N	ADH4	964
IKHGUXGNUITLKF-UHFFFAOYSA-N	CDK2	900
IKHGUXGNUITLKF-UHFFFAOYSA-N	SODC	900
IKHGUXGNUITLKF-UHFFFAOYSA-N	AKT1	908
IKHGUXGNUITLKF-UHFFFAOYSA-N	CAN9	900
IKHGUXGNUITLKF-UHFFFAOYSA-N	CCNA2	900
IKHGUXGNUITLKF-UHFFFAOYSA-N	SETD7	900
IKHGUXGNUITLKF-UHFFFAOYSA-N	IF4E	900
IKHGUXGNUITLKF-UHFFFAOYSA-N	CAH2	900
IKHGUXGNUITLKF-UHFFFAOYSA-N	ITAM	900
IKHGUXGNUITLKF-UHFFFAOYSA-N	PPARG	943
IKHGUXGNUITLKF-UHFFFAOYSA-N	DCNL1	900
IKHGUXGNUITLKF-UHFFFAOYSA-N	ADHX	986
IKHGUXGNUITLKF-UHFFFAOYSA-N	ANRA2	900
IKHGUXGNUITLKF-UHFFFAOYSA-N	AL1A1	970
IKHGUXGNUITLKF-UHFFFAOYSA-N	PAI2	900
IKHGUXGNUITLKF-UHFFFAOYSA-N	PLK1	900
IKHGUXGNUITLKF-UHFFFAOYSA-N	ALKB3	900
IKHGUXGNUITLKF-UHFFFAOYSA-N	B2CL1	900
IKHGUXGNUITLKF-UHFFFAOYSA-N	BMP1	900
IKHGUXGNUITLKF-UHFFFAOYSA-N	STIP1	900
IKHGUXGNUITLKF-UHFFFAOYSA-N	ADH1B	984
IKHGUXGNUITLKF-UHFFFAOYSA-N	THRB	913
IKHGUXGNUITLKF-UHFFFAOYSA-N	CASP3	971
IKHGUXGNUITLKF-UHFFFAOYSA-N	AK1A1	950
IKHGUXGNUITLKF-UHFFFAOYSA-N	CASP2	900
IKHGUXGNUITLKF-UHFFFAOYSA-N	ACS2L	909
IKHGUXGNUITLKF-UHFFFAOYSA-N	BACE1	900
IKHGUXGNUITLKF-UHFFFAOYSA-N	CUL1	900
IKHGUXGNUITLKF-UHFFFAOYSA-N	FES	900
IKHGUXGNUITLKF-UHFFFAOYSA-N	AL1A3	915
IKHGUXGNUITLKF-UHFFFAOYSA-N	HBB	900
IKHGUXGNUITLKF-UHFFFAOYSA-N	KLK5	900
IKHGUXGNUITLKF-UHFFFAOYSA-N	LCK	900
IKHGUXGNUITLKF-UHFFFAOYSA-N	HBG2	900
IKHGUXGNUITLKF-UHFFFAOYSA-N	GRB2	900
IKHGUXGNUITLKF-UHFFFAOYSA-N	J3KNU0	900
IKHGUXGNUITLKF-UHFFFAOYSA-N	ALKB2	900
IKHGUXGNUITLKF-UHFFFAOYSA-N	RBM5	900
IKHGUXGNUITLKF-UHFFFAOYSA-N	TRYB1	900
IKHGUXGNUITLKF-UHFFFAOYSA-N	ESR2	900
IKHGUXGNUITLKF-UHFFFAOYSA-N	AL3A2	930
IKHGUXGNUITLKF-UHFFFAOYSA-N	AL9A1	909
IKHGUXGNUITLKF-UHFFFAOYSA-N	FINC	921
IKHGUXGNUITLKF-UHFFFAOYSA-N	SRC	900
IKHGUXGNUITLKF-UHFFFAOYSA-N	CASP8	900
IKHGUXGNUITLKF-UHFFFAOYSA-N	WDR5	900
IKHGUXGNUITLKF-UHFFFAOYSA-N	2B1G	900
IKHGUXGNUITLKF-UHFFFAOYSA-N	MK08	944
IKHGUXGNUITLKF-UHFFFAOYSA-N	ACSA	923
IKHGUXGNUITLKF-UHFFFAOYSA-N	TGM2	900
IKHGUXGNUITLKF-UHFFFAOYSA-N	MDM4	900
IKHGUXGNUITLKF-UHFFFAOYSA-N	ANT3	900
IKHGUXGNUITLKF-UHFFFAOYSA-N	DDR2	900
IKHGUXGNUITLKF-UHFFFAOYSA-N	FYN	900
IKHGUXGNUITLKF-UHFFFAOYSA-N	S10A3	900
IKHGUXGNUITLKF-UHFFFAOYSA-N	S10AA	900
IKHGUXGNUITLKF-UHFFFAOYSA-N	3BHS1	900
IKHGUXGNUITLKF-UHFFFAOYSA-N	3BHS2	900
IKHGUXGNUITLKF-UHFFFAOYSA-N	GLHA	900
IKHGUXGNUITLKF-UHFFFAOYSA-N	CP17A	900
IKHGUXGNUITLKF-UHFFFAOYSA-N	CETN2	900
IKHGUXGNUITLKF-UHFFFAOYSA-N	JUN	966
IKHGUXGNUITLKF-UHFFFAOYSA-N	PTN1	905
IKHGUXGNUITLKF-UHFFFAOYSA-N	ABL1	969
IKHGUXGNUITLKF-UHFFFAOYSA-N	HDAC8	900
IKHGUXGNUITLKF-UHFFFAOYSA-N	CC14B	900
IKHGUXGNUITLKF-UHFFFAOYSA-N	DHB3	900
IKHGUXGNUITLKF-UHFFFAOYSA-N	PADI4	900
IKHGUXGNUITLKF-UHFFFAOYSA-N	FA7	900
IKHGUXGNUITLKF-UHFFFAOYSA-N	KSYK	900
IKHGUXGNUITLKF-UHFFFAOYSA-N	TN13B	900
IKHGUXGNUITLKF-UHFFFAOYSA-N	AL1B1	932
IKHGUXGNUITLKF-UHFFFAOYSA-N	HGFA	900
IKHGUXGNUITLKF-UHFFFAOYSA-N	DRA	900
IKHGUXGNUITLKF-UHFFFAOYSA-N	TYRP1	900
IKHGUXGNUITLKF-UHFFFAOYSA-N	F8W9W2	900
IKHGUXGNUITLKF-UHFFFAOYSA-N	ADH6	972
IKHGUXGNUITLKF-UHFFFAOYSA-N	PARVB	900
IKHGUXGNUITLKF-UHFFFAOYSA-N	AL7A1	905
IKHGUXGNUITLKF-UHFFFAOYSA-N	J3KQF2	900
IKHGUXGNUITLKF-UHFFFAOYSA-N	CASP1	900
IKHGUXGNUITLKF-UHFFFAOYSA-N	DEOC	914
IKHGUXGNUITLKF-UHFFFAOYSA-N	MDM2	900
QTBSBXVTEAMEQO-UHFFFAOYSA-M	UTS2	900
QTBSBXVTEAMEQO-UHFFFAOYSA-M	GNA11	909
QTBSBXVTEAMEQO-UHFFFAOYSA-M	P2Y10	900
QTBSBXVTEAMEQO-UHFFFAOYSA-M	PIGH	900
QTBSBXVTEAMEQO-UHFFFAOYSA-M	BKRB1	900
QTBSBXVTEAMEQO-UHFFFAOYSA-M	PKR2	900
QTBSBXVTEAMEQO-UHFFFAOYSA-M	NEU1	915
QTBSBXVTEAMEQO-UHFFFAOYSA-M	ACOT8	900
QTBSBXVTEAMEQO-UHFFFAOYSA-M	MTLR	904
QTBSBXVTEAMEQO-UHFFFAOYSA-M	P85B	900
QTBSBXVTEAMEQO-UHFFFAOYSA-M	PON1	921
QTBSBXVTEAMEQO-UHFFFAOYSA-M	PON2	913
QTBSBXVTEAMEQO-UHFFFAOYSA-M	PIGL	905
QTBSBXVTEAMEQO-UHFFFAOYSA-M	AL3A1	911
QTBSBXVTEAMEQO-UHFFFAOYSA-M	GNRHR	909
QTBSBXVTEAMEQO-UHFFFAOYSA-M	KISSR	900
QTBSBXVTEAMEQO-UHFFFAOYSA-M	RGS2	900
QTBSBXVTEAMEQO-UHFFFAOYSA-M	ACYP1	900
QTBSBXVTEAMEQO-UHFFFAOYSA-M	OGR1	900
QTBSBXVTEAMEQO-UHFFFAOYSA-M	CATA	957
QTBSBXVTEAMEQO-UHFFFAOYSA-M	GHSR	906
QTBSBXVTEAMEQO-UHFFFAOYSA-M	NAGK	900
QTBSBXVTEAMEQO-UHFFFAOYSA-M	GON2	900
QTBSBXVTEAMEQO-UHFFFAOYSA-M	FFAR2	982
QTBSBXVTEAMEQO-UHFFFAOYSA-M	FFAR1	900
QTBSBXVTEAMEQO-UHFFFAOYSA-M	PAR4	900
QTBSBXVTEAMEQO-UHFFFAOYSA-M	MCHR1	900
QTBSBXVTEAMEQO-UHFFFAOYSA-M	CP2E1	928
QTBSBXVTEAMEQO-UHFFFAOYSA-M	SDC1	909
QTBSBXVTEAMEQO-UHFFFAOYSA-M	AL3B2	911
QTBSBXVTEAMEQO-UHFFFAOYSA-M	NMUR2	910
QTBSBXVTEAMEQO-UHFFFAOYSA-M	ACM3	906
QTBSBXVTEAMEQO-UHFFFAOYSA-M	NEUT	917
QTBSBXVTEAMEQO-UHFFFAOYSA-M	GRP	918
QTBSBXVTEAMEQO-UHFFFAOYSA-M	ANXA1	910
QTBSBXVTEAMEQO-UHFFFAOYSA-M	NMBR	903
QTBSBXVTEAMEQO-UHFFFAOYSA-M	PIGC	900
QTBSBXVTEAMEQO-UHFFFAOYSA-M	5HT2B	903
QTBSBXVTEAMEQO-UHFFFAOYSA-M	PLCB2	904
QTBSBXVTEAMEQO-UHFFFAOYSA-M	MOT2	900
QTBSBXVTEAMEQO-UHFFFAOYSA-M	ALDH2	928
QTBSBXVTEAMEQO-UHFFFAOYSA-M	NDST1	900
QTBSBXVTEAMEQO-UHFFFAOYSA-M	P55G	900
QTBSBXVTEAMEQO-UHFFFAOYSA-M	PA1B3	904
QTBSBXVTEAMEQO-UHFFFAOYSA-M	GNA15	909
QTBSBXVTEAMEQO-UHFFFAOYSA-M	SIAE	900
QTBSBXVTEAMEQO-UHFFFAOYSA-M	PK3CA	906
QTBSBXVTEAMEQO-UHFFFAOYSA-M	GPC1	900
QTBSBXVTEAMEQO-UHFFFAOYSA-M	NMU	909
QTBSBXVTEAMEQO-UHFFFAOYSA-M	NDST4	900
QTBSBXVTEAMEQO-UHFFFAOYSA-M	KNG1	929
QTBSBXVTEAMEQO-UHFFFAOYSA-M	MOTI	923
QTBSBXVTEAMEQO-UHFFFAOYSA-M	NPFF	900
QTBSBXVTEAMEQO-UHFFFAOYSA-M	PSYR	900
QTBSBXVTEAMEQO-UHFFFAOYSA-M	CTL3	900
QTBSBXVTEAMEQO-UHFFFAOYSA-M	PROK1	900
QTBSBXVTEAMEQO-UHFFFAOYSA-M	GPR17	900
QTBSBXVTEAMEQO-UHFFFAOYSA-M	AGTR1	908
QTBSBXVTEAMEQO-UHFFFAOYSA-M	P85A	900
QTBSBXVTEAMEQO-UHFFFAOYSA-M	PAFA	927
QTBSBXVTEAMEQO-UHFFFAOYSA-M	5HT2C	904
QTBSBXVTEAMEQO-UHFFFAOYSA-M	GON1	937
QTBSBXVTEAMEQO-UHFFFAOYSA-M	NPFF1	900
QTBSBXVTEAMEQO-UHFFFAOYSA-M	PLCB3	904
QTBSBXVTEAMEQO-UHFFFAOYSA-M	MCHR2	900
QTBSBXVTEAMEQO-UHFFFAOYSA-M	CLTR2	900
QTBSBXVTEAMEQO-UHFFFAOYSA-M	HS3SA	900
QTBSBXVTEAMEQO-UHFFFAOYSA-M	A4	918
QTBSBXVTEAMEQO-UHFFFAOYSA-M	GNAQ	900
QTBSBXVTEAMEQO-UHFFFAOYSA-M	GPC2	900
QTBSBXVTEAMEQO-UHFFFAOYSA-M	PE2R1	900
QTBSBXVTEAMEQO-UHFFFAOYSA-M	OREX	906
QTBSBXVTEAMEQO-UHFFFAOYSA-M	GNPI2	903
QTBSBXVTEAMEQO-UHFFFAOYSA-M	CCKAR	907
QTBSBXVTEAMEQO-UHFFFAOYSA-M	PROK2	908
QTBSBXVTEAMEQO-UHFFFAOYSA-M	ALBU	913
QTBSBXVTEAMEQO-UHFFFAOYSA-M	CASR	904
QTBSBXVTEAMEQO-UHFFFAOYSA-M	NDST3	900
QTBSBXVTEAMEQO-UHFFFAOYSA-M	PAR3	900
QTBSBXVTEAMEQO-UHFFFAOYSA-M	PAR2	900
QTBSBXVTEAMEQO-UHFFFAOYSA-M	AL1A1	909
QTBSBXVTEAMEQO-UHFFFAOYSA-M	V1AR	906
QTBSBXVTEAMEQO-UHFFFAOYSA-M	J3KNC8	900
QTBSBXVTEAMEQO-UHFFFAOYSA-M	TKNK	908
QTBSBXVTEAMEQO-UHFFFAOYSA-M	PTAFR	904
QTBSBXVTEAMEQO-UHFFFAOYSA-M	ACES	923
QTBSBXVTEAMEQO-UHFFFAOYSA-M	ACO12	900
QTBSBXVTEAMEQO-UHFFFAOYSA-M	NK3R	900
QTBSBXVTEAMEQO-UHFFFAOYSA-M	TRH	915
QTBSBXVTEAMEQO-UHFFFAOYSA-M	NK1R	910
QTBSBXVTEAMEQO-UHFFFAOYSA-M	NTR2	900
QTBSBXVTEAMEQO-UHFFFAOYSA-M	PKR1	900
QTBSBXVTEAMEQO-UHFFFAOYSA-M	J3KNE3	904
QTBSBXVTEAMEQO-UHFFFAOYSA-M	P2RY1	900
QTBSBXVTEAMEQO-UHFFFAOYSA-M	NMUR1	900
QTBSBXVTEAMEQO-UHFFFAOYSA-M	ACM1	906
QTBSBXVTEAMEQO-UHFFFAOYSA-M	ADH1B	924
QTBSBXVTEAMEQO-UHFFFAOYSA-M	ADA1B	900
QTBSBXVTEAMEQO-UHFFFAOYSA-M	SDC2	908
QTBSBXVTEAMEQO-UHFFFAOYSA-M	LT4R1	900
QTBSBXVTEAMEQO-UHFFFAOYSA-M	NAGA	905
QTBSBXVTEAMEQO-UHFFFAOYSA-M	BKRB2	907
QTBSBXVTEAMEQO-UHFFFAOYSA-M	NPFF2	900
QTBSBXVTEAMEQO-UHFFFAOYSA-M	GPC6A	900
QTBSBXVTEAMEQO-UHFFFAOYSA-M	P2RY6	900
QTBSBXVTEAMEQO-UHFFFAOYSA-M	TRFR	906
QTBSBXVTEAMEQO-UHFFFAOYSA-M	P2RY2	909
QTBSBXVTEAMEQO-UHFFFAOYSA-M	XCR1	900
QTBSBXVTEAMEQO-UHFFFAOYSA-M	GNPI1	903
QTBSBXVTEAMEQO-UHFFFAOYSA-M	ARBK1	900
QTBSBXVTEAMEQO-UHFFFAOYSA-M	EDNRA	914
QTBSBXVTEAMEQO-UHFFFAOYSA-M	ACS2L	914
QTBSBXVTEAMEQO-UHFFFAOYSA-M	MALT1	917
QTBSBXVTEAMEQO-UHFFFAOYSA-M	GPR4	900
QTBSBXVTEAMEQO-UHFFFAOYSA-M	TKN1	925
QTBSBXVTEAMEQO-UHFFFAOYSA-M	PAR1	913
QTBSBXVTEAMEQO-UHFFFAOYSA-M	MOT3	900
QTBSBXVTEAMEQO-UHFFFAOYSA-M	DPM2	900
QTBSBXVTEAMEQO-UHFFFAOYSA-M	UR2R	900
QTBSBXVTEAMEQO-UHFFFAOYSA-M	OXYR	909
QTBSBXVTEAMEQO-UHFFFAOYSA-M	GP132	900
QTBSBXVTEAMEQO-UHFFFAOYSA-M	GAST	918
QTBSBXVTEAMEQO-UHFFFAOYSA-M	MCH	900
QTBSBXVTEAMEQO-UHFFFAOYSA-M	AL1A3	900
QTBSBXVTEAMEQO-UHFFFAOYSA-M	RGS19	900
QTBSBXVTEAMEQO-UHFFFAOYSA-M	THIK	909
QTBSBXVTEAMEQO-UHFFFAOYSA-M	PLCB4	904
QTBSBXVTEAMEQO-UHFFFAOYSA-M	GBG2	900
QTBSBXVTEAMEQO-UHFFFAOYSA-M	EDNRB	916
QTBSBXVTEAMEQO-UHFFFAOYSA-M	GASR	900
QTBSBXVTEAMEQO-UHFFFAOYSA-M	ARHGP	900
QTBSBXVTEAMEQO-UHFFFAOYSA-M	J3KNR3	900
QTBSBXVTEAMEQO-UHFFFAOYSA-M	CCKN	921
QTBSBXVTEAMEQO-UHFFFAOYSA-M	CTL2	900
QTBSBXVTEAMEQO-UHFFFAOYSA-M	EDN3	909
QTBSBXVTEAMEQO-UHFFFAOYSA-M	CIDEB	900
QTBSBXVTEAMEQO-UHFFFAOYSA-M	PLCB1	904
QTBSBXVTEAMEQO-UHFFFAOYSA-M	FPR2	900
QTBSBXVTEAMEQO-UHFFFAOYSA-M	UTS2B	900
QTBSBXVTEAMEQO-UHFFFAOYSA-M	AOFA	905
QTBSBXVTEAMEQO-UHFFFAOYSA-M	EXT2	900
QTBSBXVTEAMEQO-UHFFFAOYSA-M	LPAR6	900
QTBSBXVTEAMEQO-UHFFFAOYSA-M	SDC3	900
QTBSBXVTEAMEQO-UHFFFAOYSA-M	OX26	900
QTBSBXVTEAMEQO-UHFFFAOYSA-M	AL3A2	911
QTBSBXVTEAMEQO-UHFFFAOYSA-M	AL9A1	900
QTBSBXVTEAMEQO-UHFFFAOYSA-M	LPAR1	900
QTBSBXVTEAMEQO-UHFFFAOYSA-M	NPSR1	900
QTBSBXVTEAMEQO-UHFFFAOYSA-M	ACSA	991
QTBSBXVTEAMEQO-UHFFFAOYSA-M	HS3SB	900
QTBSBXVTEAMEQO-UHFFFAOYSA-M	GNRR2	900
QTBSBXVTEAMEQO-UHFFFAOYSA-M	ANGT	908
QTBSBXVTEAMEQO-UHFFFAOYSA-M	V1BR	900
QTBSBXVTEAMEQO-UHFFFAOYSA-M	KISS1	900
QTBSBXVTEAMEQO-UHFFFAOYSA-M	RGS18	900
QTBSBXVTEAMEQO-UHFFFAOYSA-M	XCL1	900
QTBSBXVTEAMEQO-UHFFFAOYSA-M	XCL2	900
QTBSBXVTEAMEQO-UHFFFAOYSA-M	MOT1	921
QTBSBXVTEAMEQO-UHFFFAOYSA-M	NTR1	909
QTBSBXVTEAMEQO-UHFFFAOYSA-M	LPAR3	900
QTBSBXVTEAMEQO-UHFFFAOYSA-M	PF2R	900
QTBSBXVTEAMEQO-UHFFFAOYSA-M	GPC3	900
QTBSBXVTEAMEQO-UHFFFAOYSA-M	GPC4	900
QTBSBXVTEAMEQO-UHFFFAOYSA-M	CTL5	900
QTBSBXVTEAMEQO-UHFFFAOYSA-M	OX2R	900
QTBSBXVTEAMEQO-UHFFFAOYSA-M	OPN4	900
QTBSBXVTEAMEQO-UHFFFAOYSA-M	EDN2	906
QTBSBXVTEAMEQO-UHFFFAOYSA-M	SDC4	900
QTBSBXVTEAMEQO-UHFFFAOYSA-M	CLTR1	900
QTBSBXVTEAMEQO-UHFFFAOYSA-M	NK2R	900
QTBSBXVTEAMEQO-UHFFFAOYSA-M	OX1R	900
QTBSBXVTEAMEQO-UHFFFAOYSA-M	PAFA2	900
QTBSBXVTEAMEQO-UHFFFAOYSA-M	PGBM	914
QTBSBXVTEAMEQO-UHFFFAOYSA-M	CTL1	900
QTBSBXVTEAMEQO-UHFFFAOYSA-M	TA2R	907
QTBSBXVTEAMEQO-UHFFFAOYSA-M	CLYBL	919
QTBSBXVTEAMEQO-UHFFFAOYSA-M	GNA14	900
QTBSBXVTEAMEQO-UHFFFAOYSA-M	NMS	900
QTBSBXVTEAMEQO-UHFFFAOYSA-M	GPC6	900
QTBSBXVTEAMEQO-UHFFFAOYSA-M	GPC5	900
QTBSBXVTEAMEQO-UHFFFAOYSA-M	AL1B1	900
QTBSBXVTEAMEQO-UHFFFAOYSA-M	AOFB	903
QTBSBXVTEAMEQO-UHFFFAOYSA-M	EXT1	904
QTBSBXVTEAMEQO-UHFFFAOYSA-M	GBB1	900
QTBSBXVTEAMEQO-UHFFFAOYSA-M	5HT2A	907
QTBSBXVTEAMEQO-UHFFFAOYSA-M	ESTD	909
QTBSBXVTEAMEQO-UHFFFAOYSA-M	AGRIN	907
QTBSBXVTEAMEQO-UHFFFAOYSA-M	EDN1	982
QTBSBXVTEAMEQO-UHFFFAOYSA-M	ADA1D	900
QTBSBXVTEAMEQO-UHFFFAOYSA-M	GRPR	906
QTBSBXVTEAMEQO-UHFFFAOYSA-M	NEU2	918
QTBSBXVTEAMEQO-UHFFFAOYSA-M	PIGA	905
QTBSBXVTEAMEQO-UHFFFAOYSA-M	ADA1A	900
QTBSBXVTEAMEQO-UHFFFAOYSA-M	TYRP1	900
QTBSBXVTEAMEQO-UHFFFAOYSA-M	GRK5	900
QTBSBXVTEAMEQO-UHFFFAOYSA-M	NMB	904
QTBSBXVTEAMEQO-UHFFFAOYSA-M	ACYP2	900
QTBSBXVTEAMEQO-UHFFFAOYSA-M	LIS1	900
QTBSBXVTEAMEQO-UHFFFAOYSA-M	NPS	923
QTBSBXVTEAMEQO-UHFFFAOYSA-M	GLR	904
QTBSBXVTEAMEQO-UHFFFAOYSA-M	LPAR2	900
QTBSBXVTEAMEQO-UHFFFAOYSA-M	AL7A1	900
QTBSBXVTEAMEQO-UHFFFAOYSA-M	GLUC	930
QTBSBXVTEAMEQO-UHFFFAOYSA-M	LPP60	900
QTBSBXVTEAMEQO-UHFFFAOYSA-M	PIGP	900
LYCAIKOWRPUZTN-UHFFFAOYSA-N	HYES	907
WBFYVDCHGVNRBH-UHFFFAOYSA-N	FOLC	924
KVDQMARGGBLIJM-UHFFFAOYSA-N	DHPR	930
PXGPLTODNUVGFL-UHFFFAOYSA-N	B1AK19	932
PXGPLTODNUVGFL-UHFFFAOYSA-N	PE2R2	900
PXGPLTODNUVGFL-UHFFFAOYSA-N	PE2R4	935
XEYBRNLFEZDVAW-UHFFFAOYSA-N	TA2R	902
IDAICLIJTRXNER-UHFFFAOYSA-N	DHPR	923
OBQMLSFOUZUIOB-UHFFFAOYSA-N	PUR2	900
OBQMLSFOUZUIOB-UHFFFAOYSA-N	PUR4	900
OBQMLSFOUZUIOB-UHFFFAOYSA-N	C1TC	900
OBQMLSFOUZUIOB-UHFFFAOYSA-N	PUR1	900
OBQMLSFOUZUIOB-UHFFFAOYSA-N	MTDC	900
OBQMLSFOUZUIOB-UHFFFAOYSA-N	MTD2L	900
VDXLUNDMVKSKHO-UHFFFAOYSA-N	C1TC	907
VDXLUNDMVKSKHO-UHFFFAOYSA-N	PUR4	980
VDXLUNDMVKSKHO-UHFFFAOYSA-N	PUR2	963
VDXLUNDMVKSKHO-UHFFFAOYSA-N	MTDC	900
VDXLUNDMVKSKHO-UHFFFAOYSA-N	MTD2L	909
SKCBPEVYGOQGJN-UHFFFAOYSA-N	PUR1	938
SKCBPEVYGOQGJN-UHFFFAOYSA-N	PUR2	928
LDCYZAJDBXYCGN-UHFFFAOYSA-N	SNAT	921
LDCYZAJDBXYCGN-UHFFFAOYSA-N	TPH1	964
LDCYZAJDBXYCGN-UHFFFAOYSA-N	TPH2	954
LDCYZAJDBXYCGN-UHFFFAOYSA-N	DDC	975
VVIAGPKUTFNRDU-UHFFFAOYSA-N	C1TC	912
VVIAGPKUTFNRDU-UHFFFAOYSA-N	MTHFS	915
VVIAGPKUTFNRDU-UHFFFAOYSA-N	GCST	913
VVIAGPKUTFNRDU-UHFFFAOYSA-N	FTCD	900
VVIAGPKUTFNRDU-UHFFFAOYSA-N	MTDC	900
VVIAGPKUTFNRDU-UHFFFAOYSA-N	MTD2L	900
JJMDCOVWQOJGCB-UHFFFAOYSA-N	GATM	979
JJMDCOVWQOJGCB-UHFFFAOYSA-N	HEM2	911
ZGXJTSGNIOSYLO-UHFFFAOYSA-N	HEM3	969
ZGXJTSGNIOSYLO-UHFFFAOYSA-N	HEM1	976
ZGXJTSGNIOSYLO-UHFFFAOYSA-N	HEM0	997
ZGXJTSGNIOSYLO-UHFFFAOYSA-N	HEM2	977
FJKROLUGYXJWQN-UHFFFAOYSA-N	CAH2	900
FJKROLUGYXJWQN-UHFFFAOYSA-N	COQ2	921
JHPNVNIEXXLNTR-UHFFFAOYSA-O	GLYC	905
JHPNVNIEXXLNTR-UHFFFAOYSA-O	BODG	996
JHPNVNIEXXLNTR-UHFFFAOYSA-O	ALDH2	900
JHPNVNIEXXLNTR-UHFFFAOYSA-O	AL9A1	916
JHPNVNIEXXLNTR-UHFFFAOYSA-O	AL3A2	900
JHPNVNIEXXLNTR-UHFFFAOYSA-O	AL7A1	900
JHPNVNIEXXLNTR-UHFFFAOYSA-O	AL1B1	900
OITBLCDWXSXNCN-UHFFFAOYSA-N	GLYC	909
OITBLCDWXSXNCN-UHFFFAOYSA-N	BODG	911
OITBLCDWXSXNCN-UHFFFAOYSA-N	TMLH	950
OITBLCDWXSXNCN-UHFFFAOYSA-N	AL9A1	937
JGEGJYXHCFUMJF-UHFFFAOYSA-N	CP11A	909
JGEGJYXHCFUMJF-UHFFFAOYSA-N	ALDR	920
HEXMLHKQVUFYME-UHFFFAOYSA-N	FTCD	900
HEXMLHKQVUFYME-UHFFFAOYSA-N	HUTU	907
HEXMLHKQVUFYME-UHFFFAOYSA-N	HUTI	920
HEXMLHKQVUFYME-UHFFFAOYSA-N	HUTH	911
RGHHSNMVTDWUBI-UHFFFAOYSA-N	SSDH	921
BTCSSZJGUNDROE-UHFFFAOYSA-N	HEBP1	900
BTCSSZJGUNDROE-UHFFFAOYSA-N	GBRA1	977
BTCSSZJGUNDROE-UHFFFAOYSA-N	DRD4	911
BTCSSZJGUNDROE-UHFFFAOYSA-N	BKRB1	900
BTCSSZJGUNDROE-UHFFFAOYSA-N	PDYN	930
BTCSSZJGUNDROE-UHFFFAOYSA-N	VIAAT	934
BTCSSZJGUNDROE-UHFFFAOYSA-N	RAB3A	906
BTCSSZJGUNDROE-UHFFFAOYSA-N	CO5	900
BTCSSZJGUNDROE-UHFFFAOYSA-N	PAHO	911
BTCSSZJGUNDROE-UHFFFAOYSA-N	CXCL6	900
BTCSSZJGUNDROE-UHFFFAOYSA-N	HSP7C	912
BTCSSZJGUNDROE-UHFFFAOYSA-N	GBB3	900
BTCSSZJGUNDROE-UHFFFAOYSA-N	OPRD	900
BTCSSZJGUNDROE-UHFFFAOYSA-N	NPY	938
BTCSSZJGUNDROE-UHFFFAOYSA-N	CO3	900
BTCSSZJGUNDROE-UHFFFAOYSA-N	S1PR4	900
BTCSSZJGUNDROE-UHFFFAOYSA-N	CCR7	900
BTCSSZJGUNDROE-UHFFFAOYSA-N	GBG1	900
BTCSSZJGUNDROE-UHFFFAOYSA-N	MCHR1	905
BTCSSZJGUNDROE-UHFFFAOYSA-N	GALR3	900
BTCSSZJGUNDROE-UHFFFAOYSA-N	ADCY7	900
BTCSSZJGUNDROE-UHFFFAOYSA-N	S6A11	929
BTCSSZJGUNDROE-UHFFFAOYSA-N	SSR4	900
BTCSSZJGUNDROE-UHFFFAOYSA-N	NMUR2	900
BTCSSZJGUNDROE-UHFFFAOYSA-N	HRH4	903
BTCSSZJGUNDROE-UHFFFAOYSA-N	MTR1B	900
BTCSSZJGUNDROE-UHFFFAOYSA-N	APJ	900
BTCSSZJGUNDROE-UHFFFAOYSA-N	ANXA1	900
BTCSSZJGUNDROE-UHFFFAOYSA-N	DCE2	996
BTCSSZJGUNDROE-UHFFFAOYSA-N	GABR2	965
BTCSSZJGUNDROE-UHFFFAOYSA-N	CCL21	900
BTCSSZJGUNDROE-UHFFFAOYSA-N	CCL27	900
BTCSSZJGUNDROE-UHFFFAOYSA-N	ADCY3	900
BTCSSZJGUNDROE-UHFFFAOYSA-N	SYT1	909
BTCSSZJGUNDROE-UHFFFAOYSA-N	ALDH2	909
BTCSSZJGUNDROE-UHFFFAOYSA-N	WDR37	900
BTCSSZJGUNDROE-UHFFFAOYSA-N	NMU	900
BTCSSZJGUNDROE-UHFFFAOYSA-N	GBRA4	907
BTCSSZJGUNDROE-UHFFFAOYSA-N	COLI	931
BTCSSZJGUNDROE-UHFFFAOYSA-N	RIMS1	900
BTCSSZJGUNDROE-UHFFFAOYSA-N	KNG1	912
BTCSSZJGUNDROE-UHFFFAOYSA-N	OPRK	909
BTCSSZJGUNDROE-UHFFFAOYSA-N	GALA	923
BTCSSZJGUNDROE-UHFFFAOYSA-N	SSR1	906
BTCSSZJGUNDROE-UHFFFAOYSA-N	GABT	974
BTCSSZJGUNDROE-UHFFFAOYSA-N	GPR17	900
BTCSSZJGUNDROE-UHFFFAOYSA-N	ACKR3	900
BTCSSZJGUNDROE-UHFFFAOYSA-N	GBRA6	923
BTCSSZJGUNDROE-UHFFFAOYSA-N	GBRB2	902
BTCSSZJGUNDROE-UHFFFAOYSA-N	ADA2A	906
BTCSSZJGUNDROE-UHFFFAOYSA-N	MCHR2	900
BTCSSZJGUNDROE-UHFFFAOYSA-N	A4	905
BTCSSZJGUNDROE-UHFFFAOYSA-N	ADCY8	900
BTCSSZJGUNDROE-UHFFFAOYSA-N	CXL13	900
BTCSSZJGUNDROE-UHFFFAOYSA-N	SMS	937
BTCSSZJGUNDROE-UHFFFAOYSA-N	SC6A1	964
BTCSSZJGUNDROE-UHFFFAOYSA-N	5HT5A	900
BTCSSZJGUNDROE-UHFFFAOYSA-N	CXCR5	900
BTCSSZJGUNDROE-UHFFFAOYSA-N	CCR5	900
BTCSSZJGUNDROE-UHFFFAOYSA-N	CCL5	900
BTCSSZJGUNDROE-UHFFFAOYSA-N	CCL16	900
BTCSSZJGUNDROE-UHFFFAOYSA-N	CXL16	900
BTCSSZJGUNDROE-UHFFFAOYSA-N	SSR5	912
BTCSSZJGUNDROE-UHFFFAOYSA-N	ADCY9	900
BTCSSZJGUNDROE-UHFFFAOYSA-N	GBG3	900
BTCSSZJGUNDROE-UHFFFAOYSA-N	GBRG1	952
BTCSSZJGUNDROE-UHFFFAOYSA-N	GBRB1	920
BTCSSZJGUNDROE-UHFFFAOYSA-N	CXCR1	900
BTCSSZJGUNDROE-UHFFFAOYSA-N	CXCL3	900
BTCSSZJGUNDROE-UHFFFAOYSA-N	CXCL5	900
BTCSSZJGUNDROE-UHFFFAOYSA-N	CXCL7	900
BTCSSZJGUNDROE-UHFFFAOYSA-N	CCR1	900
BTCSSZJGUNDROE-UHFFFAOYSA-N	CASR	914
BTCSSZJGUNDROE-UHFFFAOYSA-N	RGS20	900
BTCSSZJGUNDROE-UHFFFAOYSA-N	ADCY1	900
BTCSSZJGUNDROE-UHFFFAOYSA-N	GPER1	900
BTCSSZJGUNDROE-UHFFFAOYSA-N	GALR1	905
BTCSSZJGUNDROE-UHFFFAOYSA-N	GBGT2	900
BTCSSZJGUNDROE-UHFFFAOYSA-N	GBG8	900
BTCSSZJGUNDROE-UHFFFAOYSA-N	PNOC	915
BTCSSZJGUNDROE-UHFFFAOYSA-N	C3AR	900
BTCSSZJGUNDROE-UHFFFAOYSA-N	FPR1	900
BTCSSZJGUNDROE-UHFFFAOYSA-N	MTR1A	900
BTCSSZJGUNDROE-UHFFFAOYSA-N	CXCR6	900
BTCSSZJGUNDROE-UHFFFAOYSA-N	GBB2	900
BTCSSZJGUNDROE-UHFFFAOYSA-N	S1PR1	900
BTCSSZJGUNDROE-UHFFFAOYSA-N	APEL	900
BTCSSZJGUNDROE-UHFFFAOYSA-N	CPLX1	900
BTCSSZJGUNDROE-UHFFFAOYSA-N	CXL10	900
BTCSSZJGUNDROE-UHFFFAOYSA-N	NMUR1	900
BTCSSZJGUNDROE-UHFFFAOYSA-N	CXL11	900
BTCSSZJGUNDROE-UHFFFAOYSA-N	P2Y12	900
BTCSSZJGUNDROE-UHFFFAOYSA-N	BKRB2	900
BTCSSZJGUNDROE-UHFFFAOYSA-N	5HT1E	900
BTCSSZJGUNDROE-UHFFFAOYSA-N	CRNS1	919
BTCSSZJGUNDROE-UHFFFAOYSA-N	P2Y14	900
BTCSSZJGUNDROE-UHFFFAOYSA-N	THRB	913
BTCSSZJGUNDROE-UHFFFAOYSA-N	AA1R	914
BTCSSZJGUNDROE-UHFFFAOYSA-N	CCL19	900
BTCSSZJGUNDROE-UHFFFAOYSA-N	ADCY6	900
BTCSSZJGUNDROE-UHFFFAOYSA-N	ADCY4	900
BTCSSZJGUNDROE-UHFFFAOYSA-N	GNAI2	910
BTCSSZJGUNDROE-UHFFFAOYSA-N	5HT1D	900
BTCSSZJGUNDROE-UHFFFAOYSA-N	VAMP2	900
BTCSSZJGUNDROE-UHFFFAOYSA-N	SSDH	953
BTCSSZJGUNDROE-UHFFFAOYSA-N	5HT1A	924
BTCSSZJGUNDROE-UHFFFAOYSA-N	CXCR2	900
BTCSSZJGUNDROE-UHFFFAOYSA-N	ACM2	904
BTCSSZJGUNDROE-UHFFFAOYSA-N	P2Y13	900
BTCSSZJGUNDROE-UHFFFAOYSA-N	5HT1F	900
BTCSSZJGUNDROE-UHFFFAOYSA-N	PENK	917
BTCSSZJGUNDROE-UHFFFAOYSA-N	CCR8	900
BTCSSZJGUNDROE-UHFFFAOYSA-N	S1PR5	900
BTCSSZJGUNDROE-UHFFFAOYSA-N	RL3R1	900
BTCSSZJGUNDROE-UHFFFAOYSA-N	GALR2	900
BTCSSZJGUNDROE-UHFFFAOYSA-N	NPW	900
BTCSSZJGUNDROE-UHFFFAOYSA-N	SSR3	906
BTCSSZJGUNDROE-UHFFFAOYSA-N	NPBW1	900
BTCSSZJGUNDROE-UHFFFAOYSA-N	GBRG3	904
BTCSSZJGUNDROE-UHFFFAOYSA-N	MCH	900
BTCSSZJGUNDROE-UHFFFAOYSA-N	CCR10	900
BTCSSZJGUNDROE-UHFFFAOYSA-N	NPY2R	900
BTCSSZJGUNDROE-UHFFFAOYSA-N	CCR4	900
BTCSSZJGUNDROE-UHFFFAOYSA-N	NPB	900
BTCSSZJGUNDROE-UHFFFAOYSA-N	PD2R2	900
BTCSSZJGUNDROE-UHFFFAOYSA-N	RGS19	900
BTCSSZJGUNDROE-UHFFFAOYSA-N	GBG2	900
BTCSSZJGUNDROE-UHFFFAOYSA-N	GBRA5	933
BTCSSZJGUNDROE-UHFFFAOYSA-N	OPRX	900
BTCSSZJGUNDROE-UHFFFAOYSA-N	S6A13	924
BTCSSZJGUNDROE-UHFFFAOYSA-N	NPY5R	905
BTCSSZJGUNDROE-UHFFFAOYSA-N	CCR6	900
BTCSSZJGUNDROE-UHFFFAOYSA-N	FPR2	900
BTCSSZJGUNDROE-UHFFFAOYSA-N	FPR3	900
BTCSSZJGUNDROE-UHFFFAOYSA-N	HRH3	906
BTCSSZJGUNDROE-UHFFFAOYSA-N	ADCY2	918
BTCSSZJGUNDROE-UHFFFAOYSA-N	GNAI1	910
BTCSSZJGUNDROE-UHFFFAOYSA-N	GPR18	900
BTCSSZJGUNDROE-UHFFFAOYSA-N	AL3A2	918
BTCSSZJGUNDROE-UHFFFAOYSA-N	AL9A1	937
BTCSSZJGUNDROE-UHFFFAOYSA-N	C5AR1	900
BTCSSZJGUNDROE-UHFFFAOYSA-N	GBRA2	976
BTCSSZJGUNDROE-UHFFFAOYSA-N	B1AK19	900
BTCSSZJGUNDROE-UHFFFAOYSA-N	CCR3	900
BTCSSZJGUNDROE-UHFFFAOYSA-N	SSR2	906
BTCSSZJGUNDROE-UHFFFAOYSA-N	S1PR3	900
BTCSSZJGUNDROE-UHFFFAOYSA-N	DCE1	998
BTCSSZJGUNDROE-UHFFFAOYSA-N	CCL20	900
BTCSSZJGUNDROE-UHFFFAOYSA-N	LPAR1	900
BTCSSZJGUNDROE-UHFFFAOYSA-N	S6A12	936
BTCSSZJGUNDROE-UHFFFAOYSA-N	PYY	911
BTCSSZJGUNDROE-UHFFFAOYSA-N	DNJC5	904
BTCSSZJGUNDROE-UHFFFAOYSA-N	CCL28	900
BTCSSZJGUNDROE-UHFFFAOYSA-N	NPY1R	905
BTCSSZJGUNDROE-UHFFFAOYSA-N	DRD2	930
BTCSSZJGUNDROE-UHFFFAOYSA-N	CXCL9	900
BTCSSZJGUNDROE-UHFFFAOYSA-N	RGS7	900
BTCSSZJGUNDROE-UHFFFAOYSA-N	GBG4	900
BTCSSZJGUNDROE-UHFFFAOYSA-N	ANGT	906
BTCSSZJGUNDROE-UHFFFAOYSA-N	RGS1	900
BTCSSZJGUNDROE-UHFFFAOYSA-N	RGS18	900
BTCSSZJGUNDROE-UHFFFAOYSA-N	RL3R2	900
BTCSSZJGUNDROE-UHFFFAOYSA-N	RGS10	900
BTCSSZJGUNDROE-UHFFFAOYSA-N	CNR1	923
BTCSSZJGUNDROE-UHFFFAOYSA-N	AA3R	900
BTCSSZJGUNDROE-UHFFFAOYSA-N	NPBW2	900
BTCSSZJGUNDROE-UHFFFAOYSA-N	GNAI3	910
BTCSSZJGUNDROE-UHFFFAOYSA-N	5HT1B	900
BTCSSZJGUNDROE-UHFFFAOYSA-N	LPAR3	900
BTCSSZJGUNDROE-UHFFFAOYSA-N	GBG5	900
BTCSSZJGUNDROE-UHFFFAOYSA-N	GBG12	900
BTCSSZJGUNDROE-UHFFFAOYSA-N	AGTR2	900
BTCSSZJGUNDROE-UHFFFAOYSA-N	GBG10	900
BTCSSZJGUNDROE-UHFFFAOYSA-N	NPY4R	903
BTCSSZJGUNDROE-UHFFFAOYSA-N	CNR2	900
BTCSSZJGUNDROE-UHFFFAOYSA-N	P2RY4	900
BTCSSZJGUNDROE-UHFFFAOYSA-N	NMS	900
BTCSSZJGUNDROE-UHFFFAOYSA-N	AL1B1	923
BTCSSZJGUNDROE-UHFFFAOYSA-N	GBB1	909
BTCSSZJGUNDROE-UHFFFAOYSA-N	OXER1	900
BTCSSZJGUNDROE-UHFFFAOYSA-N	GBG7	900
BTCSSZJGUNDROE-UHFFFAOYSA-N	DRD3	910
BTCSSZJGUNDROE-UHFFFAOYSA-N	HCAR2	900
BTCSSZJGUNDROE-UHFFFAOYSA-N	CCL25	900
BTCSSZJGUNDROE-UHFFFAOYSA-N	GPR55	900
BTCSSZJGUNDROE-UHFFFAOYSA-N	GROA	900
BTCSSZJGUNDROE-UHFFFAOYSA-N	GATM	989
BTCSSZJGUNDROE-UHFFFAOYSA-N	RGS6	900
BTCSSZJGUNDROE-UHFFFAOYSA-N	LPAR2	900
BTCSSZJGUNDROE-UHFFFAOYSA-N	ADA2C	904
BTCSSZJGUNDROE-UHFFFAOYSA-N	RGS14	909
BTCSSZJGUNDROE-UHFFFAOYSA-N	AL7A1	900
BTCSSZJGUNDROE-UHFFFAOYSA-N	ADA2B	904
BTCSSZJGUNDROE-UHFFFAOYSA-N	PLCA	909
BTCSSZJGUNDROE-UHFFFAOYSA-N	OPRM	918
BTCSSZJGUNDROE-UHFFFAOYSA-N	RGS4	905
BTCSSZJGUNDROE-UHFFFAOYSA-N	EGFL8	900
BTCSSZJGUNDROE-UHFFFAOYSA-N	ACM4	905
BTCSSZJGUNDROE-UHFFFAOYSA-N	GBRG2	943
BTCSSZJGUNDROE-UHFFFAOYSA-N	GABR1	958
BTCSSZJGUNDROE-UHFFFAOYSA-N	GBRR1	915
BTCSSZJGUNDROE-UHFFFAOYSA-N	ADCY5	900
DZQLQEYLEYWJIB-UHFFFAOYSA-N	AL7A1	900
DZQLQEYLEYWJIB-UHFFFAOYSA-N	AL1B1	978
DZQLQEYLEYWJIB-UHFFFAOYSA-N	AOC1	908
DZQLQEYLEYWJIB-UHFFFAOYSA-N	ALDH2	952
DZQLQEYLEYWJIB-UHFFFAOYSA-N	AL9A1	981
DZQLQEYLEYWJIB-UHFFFAOYSA-N	AL3A2	969
JSJWCHRYRHKBBW-UHFFFAOYSA-N	BUP1	988
JSJWCHRYRHKBBW-UHFFFAOYSA-N	DPYS	951
JSJWCHRYRHKBBW-UHFFFAOYSA-N	DPYD	937
JXYLQEMXCAAMOL-UHFFFAOYSA-N	SUOX	912
JXYLQEMXCAAMOL-UHFFFAOYSA-N	CDO1	922
JXYLQEMXCAAMOL-UHFFFAOYSA-N	AATC	908
LFLUCDOSQPJJBE-UHFFFAOYSA-N	SERB	924
LFLUCDOSQPJJBE-UHFFFAOYSA-N	SERA	985
LFLUCDOSQPJJBE-UHFFFAOYSA-N	SERC	980
IAVREABSGIHHMO-UHFFFAOYSA-N	SSDH	933
BXIPALATIYNHJN-UHFFFAOYSA-N	AUHM	900
BXIPALATIYNHJN-UHFFFAOYSA-N	MCCA	900
BXIPALATIYNHJN-UHFFFAOYSA-N	IVD	900
BXIPALATIYNHJN-UHFFFAOYSA-N	MCCB	900
OJOLFAIGOXZBCI-UHFFFAOYSA-N	THTR	955
OJOLFAIGOXZBCI-UHFFFAOYSA-N	AATM	909
OJOLFAIGOXZBCI-UHFFFAOYSA-N	LDHB	908
OJOLFAIGOXZBCI-UHFFFAOYSA-N	LDH6A	909
OJOLFAIGOXZBCI-UHFFFAOYSA-N	LDHC	909
OJOLFAIGOXZBCI-UHFFFAOYSA-N	LDH6B	908
OJOLFAIGOXZBCI-UHFFFAOYSA-N	J3KPV7	988
OJOLFAIGOXZBCI-UHFFFAOYSA-N	AATC	906
WDJHALXBUFZDSR-UHFFFAOYSA-N	MAAI	916
WDJHALXBUFZDSR-UHFFFAOYSA-N	SCOT1	980
WDJHALXBUFZDSR-UHFFFAOYSA-N	CP2E1	981
WDJHALXBUFZDSR-UHFFFAOYSA-N	MOT3	906
WDJHALXBUFZDSR-UHFFFAOYSA-N	MOT2	911
WDJHALXBUFZDSR-UHFFFAOYSA-N	FAAA	987
WDJHALXBUFZDSR-UHFFFAOYSA-N	THIL	931
WDJHALXBUFZDSR-UHFFFAOYSA-N	BDH2	923
WDJHALXBUFZDSR-UHFFFAOYSA-N	CP2S1	909
WDJHALXBUFZDSR-UHFFFAOYSA-N	ACSA	913
WDJHALXBUFZDSR-UHFFFAOYSA-N	AACS	925
WDJHALXBUFZDSR-UHFFFAOYSA-N	CP2U1	912
WDJHALXBUFZDSR-UHFFFAOYSA-N	BDH	950
WDJHALXBUFZDSR-UHFFFAOYSA-N	HMCS2	942
WDJHALXBUFZDSR-UHFFFAOYSA-N	MOT1	912
WDJHALXBUFZDSR-UHFFFAOYSA-N	AUHM	908
WDJHALXBUFZDSR-UHFFFAOYSA-N	CP4X1	904
WDJHALXBUFZDSR-UHFFFAOYSA-N	SCOT2	965
WDJHALXBUFZDSR-UHFFFAOYSA-N	HMGCL	954
WDJHALXBUFZDSR-UHFFFAOYSA-N	MOT4	913
WDJHALXBUFZDSR-UHFFFAOYSA-N	HMGC2	917
WDJHALXBUFZDSR-UHFFFAOYSA-N	HOT	905
VCKPUUFAIGNJHC-UHFFFAOYSA-N	KMO	909
VCKPUUFAIGNJHC-UHFFFAOYSA-N	KAT3	900
VCKPUUFAIGNJHC-UHFFFAOYSA-N	KYNU	950
VCKPUUFAIGNJHC-UHFFFAOYSA-N	KFA	923
VCKPUUFAIGNJHC-UHFFFAOYSA-N	3HAO	900
DBXBTMSZEOQQDU-UHFFFAOYSA-N	3HIDH	982
DBXBTMSZEOQQDU-UHFFFAOYSA-N	J3KNU8	917
DBXBTMSZEOQQDU-UHFFFAOYSA-N	HIBCH	914
WJXSWCUQABXPFS-UHFFFAOYSA-N	ACMSD	924
WJXSWCUQABXPFS-UHFFFAOYSA-N	CATA	905
WJXSWCUQABXPFS-UHFFFAOYSA-N	KYNU	978
WJXSWCUQABXPFS-UHFFFAOYSA-N	3HAO	982
WJXSWCUQABXPFS-UHFFFAOYSA-N	KMO	921
PHIQHXFUZVPYII-UHFFFAOYSA-O	S22A5	969
PHIQHXFUZVPYII-UHFFFAOYSA-O	BODG	928
PHIQHXFUZVPYII-UHFFFAOYSA-O	CPT1A	969
PHIQHXFUZVPYII-UHFFFAOYSA-O	CPT1B	957
PHIQHXFUZVPYII-UHFFFAOYSA-O	CACP	985
PHIQHXFUZVPYII-UHFFFAOYSA-O	MCAT	963
PHIQHXFUZVPYII-UHFFFAOYSA-O	THIK	927
PHIQHXFUZVPYII-UHFFFAOYSA-O	AL9A1	915
PHIQHXFUZVPYII-UHFFFAOYSA-O	S22AG	946
PHIQHXFUZVPYII-UHFFFAOYSA-O	CPT2	984
PHIQHXFUZVPYII-UHFFFAOYSA-O	OCTC	960
PCXDJQZLDDHMGX-UHFFFAOYSA-N	AL1B1	925
PCXDJQZLDDHMGX-UHFFFAOYSA-N	AL3B2	914
PCXDJQZLDDHMGX-UHFFFAOYSA-N	AOC2	906
PCXDJQZLDDHMGX-UHFFFAOYSA-N	AL3A1	914
PCXDJQZLDDHMGX-UHFFFAOYSA-N	ALDH2	925
PCXDJQZLDDHMGX-UHFFFAOYSA-N	SAT2	900
PCXDJQZLDDHMGX-UHFFFAOYSA-N	AL9A1	925
PCXDJQZLDDHMGX-UHFFFAOYSA-N	SMOX	932
PCXDJQZLDDHMGX-UHFFFAOYSA-N	AOC3	908
PCXDJQZLDDHMGX-UHFFFAOYSA-N	AL3A2	914
PCXDJQZLDDHMGX-UHFFFAOYSA-N	AL1A3	925
PCXDJQZLDDHMGX-UHFFFAOYSA-N	SAT1	926
PCXDJQZLDDHMGX-UHFFFAOYSA-N	AL7A1	914
OJFDKHTZOUZBOS-UHFFFAOYSA-N	HMCS1	900
OJFDKHTZOUZBOS-UHFFFAOYSA-N	SCOT1	900
OJFDKHTZOUZBOS-UHFFFAOYSA-N	BDH2	900
OJFDKHTZOUZBOS-UHFFFAOYSA-N	THIL	900
OJFDKHTZOUZBOS-UHFFFAOYSA-N	HMDH	900
OJFDKHTZOUZBOS-UHFFFAOYSA-N	THIC	900
OJFDKHTZOUZBOS-UHFFFAOYSA-N	AACS	900
OJFDKHTZOUZBOS-UHFFFAOYSA-N	BDH	900
OJFDKHTZOUZBOS-UHFFFAOYSA-N	HMCS2	900
OJFDKHTZOUZBOS-UHFFFAOYSA-N	HMGCL	900
YQUVCSBJEUQKSH-UHFFFAOYSA-N	SAHH	900
YQUVCSBJEUQKSH-UHFFFAOYSA-N	COMT	918
FGSBNBBHOZHUBO-UHFFFAOYSA-N	GCDH	908
FGSBNBBHOZHUBO-UHFFFAOYSA-N	DLDH	900
FGSBNBBHOZHUBO-UHFFFAOYSA-N	ODO1	959
FGSBNBBHOZHUBO-UHFFFAOYSA-N	AADAT	982
FGSBNBBHOZHUBO-UHFFFAOYSA-N	ODO2	908
FGSBNBBHOZHUBO-UHFFFAOYSA-N	ODC	976
FGSBNBBHOZHUBO-UHFFFAOYSA-N	AL7A1	900
FGSBNBBHOZHUBO-UHFFFAOYSA-N	OGDHL	910
BKAJNAXTPSGJCU-UHFFFAOYSA-N	DLDH	927
BKAJNAXTPSGJCU-UHFFFAOYSA-N	IVD	904
BKAJNAXTPSGJCU-UHFFFAOYSA-N	BCAT1	970
BKAJNAXTPSGJCU-UHFFFAOYSA-N	ODBA	975
BKAJNAXTPSGJCU-UHFFFAOYSA-N	ACAD8	903
BKAJNAXTPSGJCU-UHFFFAOYSA-N	ODBB	978
BKAJNAXTPSGJCU-UHFFFAOYSA-N	BCAT2	997
BKAJNAXTPSGJCU-UHFFFAOYSA-N	ODB2	915
BKAJNAXTPSGJCU-UHFFFAOYSA-N	ACDSB	903
GXIURPTVHJPJLF-UHFFFAOYSA-N	ENOA	920
GXIURPTVHJPJLF-UHFFFAOYSA-N	SERA	929
TYEYBOSBBBHJIV-UHFFFAOYSA-N	DLDH	900
TYEYBOSBBBHJIV-UHFFFAOYSA-N	SDHL	926
TYEYBOSBBBHJIV-UHFFFAOYSA-N	LDHB	909
TYEYBOSBBBHJIV-UHFFFAOYSA-N	CDO1	909
TYEYBOSBBBHJIV-UHFFFAOYSA-N	PCCB	900
TYEYBOSBBBHJIV-UHFFFAOYSA-N	PCCA	900
TYEYBOSBBBHJIV-UHFFFAOYSA-N	LDH6A	909
TYEYBOSBBBHJIV-UHFFFAOYSA-N	ODBA	900
TYEYBOSBBBHJIV-UHFFFAOYSA-N	LDHC	909
TYEYBOSBBBHJIV-UHFFFAOYSA-N	LDH6B	900
TYEYBOSBBBHJIV-UHFFFAOYSA-N	ODBB	900
TYEYBOSBBBHJIV-UHFFFAOYSA-N	CGL	935
TYEYBOSBBBHJIV-UHFFFAOYSA-N	CBS	944
TYEYBOSBBBHJIV-UHFFFAOYSA-N	ODB2	905
LYNVNYDEQMMNMZ-UHFFFAOYSA-N	ECHP	900
LYNVNYDEQMMNMZ-UHFFFAOYSA-N	DLDH	900
LYNVNYDEQMMNMZ-UHFFFAOYSA-N	BCAT2	900
LYNVNYDEQMMNMZ-UHFFFAOYSA-N	BCAT1	900
LYNVNYDEQMMNMZ-UHFFFAOYSA-N	ODBA	900
LYNVNYDEQMMNMZ-UHFFFAOYSA-N	ODBB	900
LYNVNYDEQMMNMZ-UHFFFAOYSA-N	ECHA	900
LYNVNYDEQMMNMZ-UHFFFAOYSA-N	ACDSB	913
LYNVNYDEQMMNMZ-UHFFFAOYSA-N	ECHM	900
LYNVNYDEQMMNMZ-UHFFFAOYSA-N	ODB2	900
NHNODHRSCRALBF-UHFFFAOYSA-N	ECHA	900
NHNODHRSCRALBF-UHFFFAOYSA-N	ECHM	900
NHNODHRSCRALBF-UHFFFAOYSA-N	ECHP	900
NHNODHRSCRALBF-UHFFFAOYSA-N	HCD2	900
NHNODHRSCRALBF-UHFFFAOYSA-N	ECHB	900
NHNODHRSCRALBF-UHFFFAOYSA-N	THIL	961
PEKYNTFSOBAABV-UHFFFAOYSA-N	ECHB	900
PEKYNTFSOBAABV-UHFFFAOYSA-N	THIL	917
PEKYNTFSOBAABV-UHFFFAOYSA-N	ECHP	900
PEKYNTFSOBAABV-UHFFFAOYSA-N	HCD2	970
PEKYNTFSOBAABV-UHFFFAOYSA-N	ACDSB	911
PEKYNTFSOBAABV-UHFFFAOYSA-N	ECHM	911
PEKYNTFSOBAABV-UHFFFAOYSA-N	ECHA	900
KPGXRSRHYNQIFN-UHFFFAOYSA-N	OTC	917
KPGXRSRHYNQIFN-UHFFFAOYSA-N	P4HA2	922
KPGXRSRHYNQIFN-UHFFFAOYSA-N	PLOD1	936
KPGXRSRHYNQIFN-UHFFFAOYSA-N	DLDH	940
KPGXRSRHYNQIFN-UHFFFAOYSA-N	RBX1	900
KPGXRSRHYNQIFN-UHFFFAOYSA-N	ACON	950
KPGXRSRHYNQIFN-UHFFFAOYSA-N	IDH3G	950
KPGXRSRHYNQIFN-UHFFFAOYSA-N	ODO1	972
KPGXRSRHYNQIFN-UHFFFAOYSA-N	PLOD3	932
KPGXRSRHYNQIFN-UHFFFAOYSA-N	M2OM	929
KPGXRSRHYNQIFN-UHFFFAOYSA-N	CO1A1	900
KPGXRSRHYNQIFN-UHFFFAOYSA-N	AADAT	991
KPGXRSRHYNQIFN-UHFFFAOYSA-N	MDHC	951
KPGXRSRHYNQIFN-UHFFFAOYSA-N	COAA1	900
KPGXRSRHYNQIFN-UHFFFAOYSA-N	AATM	962
KPGXRSRHYNQIFN-UHFFFAOYSA-N	EGLN3	942
KPGXRSRHYNQIFN-UHFFFAOYSA-N	CDO1	909
KPGXRSRHYNQIFN-UHFFFAOYSA-N	GT251	924
KPGXRSRHYNQIFN-UHFFFAOYSA-N	KDM6B	913
KPGXRSRHYNQIFN-UHFFFAOYSA-N	VHL	987
KPGXRSRHYNQIFN-UHFFFAOYSA-N	DCE2	909
KPGXRSRHYNQIFN-UHFFFAOYSA-N	KAT3	900
KPGXRSRHYNQIFN-UHFFFAOYSA-N	IDHC	995
KPGXRSRHYNQIFN-UHFFFAOYSA-N	BCAT1	917
KPGXRSRHYNQIFN-UHFFFAOYSA-N	ARGI2	909
KPGXRSRHYNQIFN-UHFFFAOYSA-N	ELOB	915
KPGXRSRHYNQIFN-UHFFFAOYSA-N	DHTK1	930
KPGXRSRHYNQIFN-UHFFFAOYSA-N	PAHX	992
KPGXRSRHYNQIFN-UHFFFAOYSA-N	BODG	940
KPGXRSRHYNQIFN-UHFFFAOYSA-N	P4HA1	911
KPGXRSRHYNQIFN-UHFFFAOYSA-N	EPAS1	912
KPGXRSRHYNQIFN-UHFFFAOYSA-N	NNTM	929
KPGXRSRHYNQIFN-UHFFFAOYSA-N	3HIDH	900
KPGXRSRHYNQIFN-UHFFFAOYSA-N	CMC2	900
KPGXRSRHYNQIFN-UHFFFAOYSA-N	L2HDH	938
KPGXRSRHYNQIFN-UHFFFAOYSA-N	S27A2	900
KPGXRSRHYNQIFN-UHFFFAOYSA-N	GABT	957
KPGXRSRHYNQIFN-UHFFFAOYSA-N	ODBA	920
KPGXRSRHYNQIFN-UHFFFAOYSA-N	SERB	900
KPGXRSRHYNQIFN-UHFFFAOYSA-N	DHE3	980
KPGXRSRHYNQIFN-UHFFFAOYSA-N	PLOD2	928
KPGXRSRHYNQIFN-UHFFFAOYSA-N	ELOC	925
KPGXRSRHYNQIFN-UHFFFAOYSA-N	AL4A1	909
KPGXRSRHYNQIFN-UHFFFAOYSA-N	P3H1	915
KPGXRSRHYNQIFN-UHFFFAOYSA-N	CO1A2	900
KPGXRSRHYNQIFN-UHFFFAOYSA-N	HIF1N	992
KPGXRSRHYNQIFN-UHFFFAOYSA-N	IDH3A	950
KPGXRSRHYNQIFN-UHFFFAOYSA-N	S22AB	900
KPGXRSRHYNQIFN-UHFFFAOYSA-N	KAT1	909
KPGXRSRHYNQIFN-UHFFFAOYSA-N	ALKB3	993
KPGXRSRHYNQIFN-UHFFFAOYSA-N	AATC2	943
KPGXRSRHYNQIFN-UHFFFAOYSA-N	J3KND8	909
KPGXRSRHYNQIFN-UHFFFAOYSA-N	CO3A1	900
KPGXRSRHYNQIFN-UHFFFAOYSA-N	EGLN2	937
KPGXRSRHYNQIFN-UHFFFAOYSA-N	SUCB2	906
KPGXRSRHYNQIFN-UHFFFAOYSA-N	ACOC	938
KPGXRSRHYNQIFN-UHFFFAOYSA-N	PHYD1	900
KPGXRSRHYNQIFN-UHFFFAOYSA-N	GP162	900
KPGXRSRHYNQIFN-UHFFFAOYSA-N	SSDH	925
KPGXRSRHYNQIFN-UHFFFAOYSA-N	D2HDH	945
KPGXRSRHYNQIFN-UHFFFAOYSA-N	P3H2	909
KPGXRSRHYNQIFN-UHFFFAOYSA-N	ODBB	920
KPGXRSRHYNQIFN-UHFFFAOYSA-N	GLYC	911
KPGXRSRHYNQIFN-UHFFFAOYSA-N	PCKGC	916
KPGXRSRHYNQIFN-UHFFFAOYSA-N	BCAT2	915
KPGXRSRHYNQIFN-UHFFFAOYSA-N	HACL1	909
KPGXRSRHYNQIFN-UHFFFAOYSA-N	MDHM	951
KPGXRSRHYNQIFN-UHFFFAOYSA-N	DHE4	980
KPGXRSRHYNQIFN-UHFFFAOYSA-N	PDIA1	908
KPGXRSRHYNQIFN-UHFFFAOYSA-N	ODC	907
KPGXRSRHYNQIFN-UHFFFAOYSA-N	IDHP	976
KPGXRSRHYNQIFN-UHFFFAOYSA-N	P4HA3	931
KPGXRSRHYNQIFN-UHFFFAOYSA-N	TMLH	940
KPGXRSRHYNQIFN-UHFFFAOYSA-N	ODO2	930
KPGXRSRHYNQIFN-UHFFFAOYSA-N	S22A8	923
KPGXRSRHYNQIFN-UHFFFAOYSA-N	HIF1A	993
KPGXRSRHYNQIFN-UHFFFAOYSA-N	PHF8	941
KPGXRSRHYNQIFN-UHFFFAOYSA-N	J3KNU8	900
KPGXRSRHYNQIFN-UHFFFAOYSA-N	ALKB2	993
KPGXRSRHYNQIFN-UHFFFAOYSA-N	ALAT2	951
KPGXRSRHYNQIFN-UHFFFAOYSA-N	TYW5	900
KPGXRSRHYNQIFN-UHFFFAOYSA-N	AL9A1	905
KPGXRSRHYNQIFN-UHFFFAOYSA-N	ATTY	913
KPGXRSRHYNQIFN-UHFFFAOYSA-N	DCE1	912
KPGXRSRHYNQIFN-UHFFFAOYSA-N	COMT	900
KPGXRSRHYNQIFN-UHFFFAOYSA-N	GT252	924
KPGXRSRHYNQIFN-UHFFFAOYSA-N	EGLN1	993
KPGXRSRHYNQIFN-UHFFFAOYSA-N	ARGI1	909
KPGXRSRHYNQIFN-UHFFFAOYSA-N	OAT	923
KPGXRSRHYNQIFN-UHFFFAOYSA-N	SERA	937
KPGXRSRHYNQIFN-UHFFFAOYSA-N	ODB2	907
KPGXRSRHYNQIFN-UHFFFAOYSA-N	AATC	962
KPGXRSRHYNQIFN-UHFFFAOYSA-N	P5CS	909
KPGXRSRHYNQIFN-UHFFFAOYSA-N	KDM4A	935
KPGXRSRHYNQIFN-UHFFFAOYSA-N	S22A7	909
KPGXRSRHYNQIFN-UHFFFAOYSA-N	OGDHL	913
KPGXRSRHYNQIFN-UHFFFAOYSA-N	CUL2	912
KPGXRSRHYNQIFN-UHFFFAOYSA-N	SERC	909
KPGXRSRHYNQIFN-UHFFFAOYSA-N	KDM2B	908
KPGXRSRHYNQIFN-UHFFFAOYSA-N	HIF3A	913
KPGXRSRHYNQIFN-UHFFFAOYSA-N	S22A6	936
KPGXRSRHYNQIFN-UHFFFAOYSA-N	SUCB1	909
KPGXRSRHYNQIFN-UHFFFAOYSA-N	ASPH	908
KPGXRSRHYNQIFN-UHFFFAOYSA-N	IDH3B	944
KPGXRSRHYNQIFN-UHFFFAOYSA-N	ALKB8	915
KPGXRSRHYNQIFN-UHFFFAOYSA-N	AASS	913
KPGXRSRHYNQIFN-UHFFFAOYSA-N	SUCA	906
KPGXRSRHYNQIFN-UHFFFAOYSA-N	PYC	938
KPGXRSRHYNQIFN-UHFFFAOYSA-N	NIT2	908
KPGXRSRHYNQIFN-UHFFFAOYSA-N	ALAT1	934
KPGXRSRHYNQIFN-UHFFFAOYSA-N	HOT	924
KPGXRSRHYNQIFN-UHFFFAOYSA-N	J3KPV7	911
KPGXRSRHYNQIFN-UHFFFAOYSA-N	KDM7A	900
KPGXRSRHYNQIFN-UHFFFAOYSA-N	AL7A1	900
KPGXRSRHYNQIFN-UHFFFAOYSA-N	CMC1	908
KPGXRSRHYNQIFN-UHFFFAOYSA-N	JMJD6	993
KPGXRSRHYNQIFN-UHFFFAOYSA-N	KDM8	908
QHKABHOOEWYVLI-UHFFFAOYSA-N	ACAD8	900
QHKABHOOEWYVLI-UHFFFAOYSA-N	DLDH	913
QHKABHOOEWYVLI-UHFFFAOYSA-N	IVD	900
QHKABHOOEWYVLI-UHFFFAOYSA-N	BCAT1	970
QHKABHOOEWYVLI-UHFFFAOYSA-N	ODBA	927
QHKABHOOEWYVLI-UHFFFAOYSA-N	ODBB	930
QHKABHOOEWYVLI-UHFFFAOYSA-N	BCAT2	996
QHKABHOOEWYVLI-UHFFFAOYSA-N	ODB2	908
QHKABHOOEWYVLI-UHFFFAOYSA-N	ACDSB	912
COJBGNAUUSNXHX-UHFFFAOYSA-N	KAT1	915
JVQYSWDUAOAHFM-UHFFFAOYSA-N	DLDH	907
JVQYSWDUAOAHFM-UHFFFAOYSA-N	ODBA	925
JVQYSWDUAOAHFM-UHFFFAOYSA-N	IVD	900
JVQYSWDUAOAHFM-UHFFFAOYSA-N	BCAT1	970
JVQYSWDUAOAHFM-UHFFFAOYSA-N	ODBB	920
JVQYSWDUAOAHFM-UHFFFAOYSA-N	ACAD8	909
JVQYSWDUAOAHFM-UHFFFAOYSA-N	BCAT2	962
JVQYSWDUAOAHFM-UHFFFAOYSA-N	ODB2	906
JVQYSWDUAOAHFM-UHFFFAOYSA-N	ACDSB	910
ROBFUDYVXSDBQM-UHFFFAOYSA-L	MAOM	982
HWXBTNAVRSUOJR-UHFFFAOYSA-N	L2HDH	983
GLDQAMYCGOIJDV-UHFFFAOYSA-N	NGAL	981
MUIPLRMGAXZWSQ-UHFFFAOYSA-N	HS90A	900
VYZAHLCBVHPDDF-UHFFFAOYSA-N	MGST1	916
VYZAHLCBVHPDDF-UHFFFAOYSA-N	GSTA3	958
VYZAHLCBVHPDDF-UHFFFAOYSA-N	GSTM2	951
VYZAHLCBVHPDDF-UHFFFAOYSA-N	MGST2	915
VYZAHLCBVHPDDF-UHFFFAOYSA-N	GSTM5	913
VYZAHLCBVHPDDF-UHFFFAOYSA-N	GSTM3	926
VYZAHLCBVHPDDF-UHFFFAOYSA-N	GSTA5	909
VYZAHLCBVHPDDF-UHFFFAOYSA-N	IL8	938
VYZAHLCBVHPDDF-UHFFFAOYSA-N	GSTM1	943
VYZAHLCBVHPDDF-UHFFFAOYSA-N	GSTA1	959
VYZAHLCBVHPDDF-UHFFFAOYSA-N	AOFA	900
VYZAHLCBVHPDDF-UHFFFAOYSA-N	GSTO2	911
VYZAHLCBVHPDDF-UHFFFAOYSA-N	COMT	900
VYZAHLCBVHPDDF-UHFFFAOYSA-N	GSTA4	958
VYZAHLCBVHPDDF-UHFFFAOYSA-N	GSTO1	915
VYZAHLCBVHPDDF-UHFFFAOYSA-N	GSTM4	915
VYZAHLCBVHPDDF-UHFFFAOYSA-N	GSTP1	938
VYZAHLCBVHPDDF-UHFFFAOYSA-N	GSTA2	958
RDHQFKQIGNGIED-UHFFFAOYSA-N	TNR16	905
RDHQFKQIGNGIED-UHFFFAOYSA-N	CACP	989
RDHQFKQIGNGIED-UHFFFAOYSA-N	CLAT	944
RDHQFKQIGNGIED-UHFFFAOYSA-N	CISY	922
